COD_UPZ_GRUPO,n_hogares_muestra,poblacion_expandida,tasa_pobreza_monetaria,tasa_pobreza_extrema,tasa_ipm,ingreso_percapita_promedio,capacidad_pago_promedio,tamano_hogar_promedio,gasto_educ_promedio,tasa_deficit_cuantitativo,tasa_deficit_cualitativo,tasa_deficit_habitacional,pct_estrato_1,pct_estrato_2,pct_estrato_3,pct_estrato_4,pct_estrato_5,pct_estrato_6
009,2513,128723.99999750001,0.28274216973685445,0.052902995020604214,0.049010722297493294,1102998.6224623476,0.29139413861229047,3.478807982777081,430644.8686486139,0.007494642755964206,0.12019643744368175,0.12769108019964595,0.07089799828918651,0.2641141736238796,0.5290367794577747,0.10829649240522933,0.026607820255480863,0.0
011,2557,71662.00000530001,0.43001058263544056,0.17804437798912062,0.06249721103888761,903931.2798997519,0.4078833059325474,3.548192365972127,337571.6916232683,0.01705054246755089,0.1682438770353647,0.18529441950291559,0.09787940605734195,0.22150087347863642,0.6549784201156625,0.010975616864472513,0.014665683483886464,0.0
012,2488,61972.000004899994,0.1281535206846971,0.042992168769594954,0.010513101491778318,2106303.128725721,0.06229278691820122,3.226040221333706,677135.8699587139,0.0020991996222441416,0.07327320582103146,0.0753724054432756,0.0011143523090192294,0.028952487067677873,0.365024685569473,0.6019758649269077,0.0029326101269223233,0.0
013,2337,131965.9999928,0.04503606547159313,0.031391087665959536,0.0035858820955838497,3477195.6876199474,0.0,2.724493639323889,1400990.2796963418,0.0010051764636894143,0.005101073935989025,0.006106250399678439,0.0,0.001613537308182543,0.013501922248133713,0.7071300451926357,0.24940104998253862,0.02835344526850965
014,2274,42320.000006400005,0.08624801561077534,0.033970144349777666,0.012461623481102212,4977485.113864653,0.0431552119003735,2.8759152010064777,1694394.9319776841,0.00023893811905649327,0.04253251962967372,0.04277145774873021,0.0,0.12426449529784277,0.018146620150847392,0.09767336957643881,0.4449366391742062,0.3144976200776752
018,2252,94099.0000031,0.08604401146381219,0.028303030750722758,0.020147727388575246,2128942.199888271,0.04892277702683704,3.161901956221619,749895.7913699095,0.0022137332808333503,0.053028510848527735,0.05524224412936109,0.00040298349290375827,0.014230860682428978,0.647737200580155,0.2931855794779023,0.044443375766609915,0.0
019,2328,104663.00000550001,0.09334119784151632,0.04204897427714407,0.010925283343109894,2739435.1355945584,0.07123582031671367,3.1607805944652427,1010343.8034544173,0.00631632853888442,0.03868505028221274,0.04500137882109716,0.0,0.0,0.36899365767721665,0.4880592489439025,0.1424651160774719,0.0004819773014087989
020,2228,42593.999998700005,0.03909165761728927,0.03277938360197711,0.0019863639902939914,4413655.268452493,0.0,2.748395075402003,1403239.7442414132,0.0013097545006738665,0.00908164873718848,0.010391403237862347,0.0,0.0,0.009716330830929971,0.020361190107209215,0.9675705067464394,0.0023519723154213634
021,2267,30426.999922500003,0.14052971991294091,0.0684748258489762,0.016833666326111975,1932826.3868923185,0.06241931143844271,3.210345565363058,631055.7282888475,0.0057608182813443124,0.030539496781372168,0.03630031506271648,0.002931719191087134,0.0021562413174847565,0.48046662261925793,0.3878288944508738,0.12661652242129623,0.0
023,2279,60406.9999925,0.10116089956890272,0.04992887687477389,0.009817742537679955,2859027.0612885356,0.022325327584012445,3.2211755348694493,1578777.934124062,0.0025029556677003025,0.031089743714026074,0.033592699381726376,0.0,0.053595640934030284,0.1028875800051593,0.45664322908313315,0.3330758921714051,0.05379765780627215
024,2414,83090.9999983,0.08765426968563397,0.041000741727379636,0.015128462667746425,3336694.3708129125,0.03759935631011685,3.210978067590457,1494185.820978188,0.0,0.05228035891719773,0.05228035891719773,0.014040443642799686,0.011023500914885366,0.22013083207175535,0.12849464421680376,0.5568065357661669,0.06765147764156175
025,2265,45216.0000056,0.0549408136189033,0.027703713850072084,0.012399317638237877,3231226.191453756,0.015885551800491886,3.153935597035075,1013371.1795132667,0.0,0.02935725126140303,0.02935725126140303,0.0,0.0,0.13412765233653762,0.8165314216898315,0.038293577085225496,0.009863658031333235
026,2278,100930.0000018,0.26953530690295097,0.10104844912234334,0.036725499110610266,1186126.366683503,0.2239212238293564,3.368175820974312,317577.5411351805,0.0013346152224075862,0.09428919779679262,0.0956238130192002,0.0025422399444706622,0.003488443869946704,0.9314214547896903,0.06254786139589234,0.0,0.0
027,2347,181377.9999961,0.21019493076238444,0.05229496543849833,0.032099177767563804,1248597.313165178,0.15789570815543116,3.4033946989683046,480968.98612228886,0.0016685693094339305,0.06925966722022578,0.07092823652965971,0.0,0.3384139123081069,0.6175974522109,0.04398863548099304,0.0,0.0
028,2382,288983.99999599997,0.39372393871312916,0.10743661462236578,0.06052787064142691,736885.8395595187,0.35341762880994687,3.525641986305134,229243.80352093693,0.002093437896244684,0.1305752875097663,0.13266872540601102,0.009435035731520573,0.6161685875324056,0.3631913363191484,0.0,0.0,0.0
029,2166,110558.9999976,0.2692590366016898,0.0975325126098651,0.03284968639530784,931557.4989917966,0.21361297955401795,3.338568307222501,241862.34593798922,0.007747208602814727,0.07999385050327866,0.08774105910609338,0.01795324497366191,0.31938856027882423,0.6621872301376571,0.00047096460985655007,0.0,0.0
030,2323,128077.9999945,0.21316985174169206,0.08771359851404946,0.019783092531182614,1221231.8086073499,0.12322486766484281,3.322991165188217,371577.38622723555,0.0,0.06430230446644751,0.06430230446644751,0.0,0.007169517885502838,0.9726107268441838,0.01695663945324928,0.0,0.0032631158170641885
032,2576,103547.9999957,0.5328157281076517,0.17804593568360177,0.067906413079847,549847.9861771726,0.5201909468810293,3.6905228238495114,137818.05261490447,0.03418798144094534,0.16189819748325568,0.19608617892420108,0.12753096865848096,0.8581344944353343,0.008365208447637525,0.0,0.0,0.0
033,2142,44028.000002,0.29226762931578687,0.10489467919937791,0.038328641635398904,1027486.805516976,0.1922017177186244,3.490771427982612,308150.2784604551,0.0035378109383329788,0.08442908014288956,0.08796689108122255,0.0,0.284426128775578,0.7155738712244221,0.0,0.0,0.0
034,2665,80466.0000003,0.4363819277268546,0.13742584082294104,0.0554644456277603,664284.9107945563,0.4244786661940777,3.780272207728306,225987.00528337804,0.012280523673306934,0.14209601548054296,0.15437653915384994,0.0010078821912322922,0.6878733674420704,0.3111187503666972,0.0,0.0,0.0
035,2246,26365.0000008,0.28021771957427755,0.08270112786018732,0.052962636421681385,1228521.5965978857,0.16232710671989906,3.5069789351752103,411790.46715159895,0.01190825182971642,0.09780448826177722,0.10971274009149365,0.0,0.22026560316797986,0.7709651452032328,0.004401254405328237,0.0,0.0
036,2185,48723.0000061,0.3125623057897372,0.10531149400811936,0.027385060444409234,979518.9655288475,0.1711706012325977,3.1911789136143875,291290.0627208787,0.0050929432910316085,0.06732717162303849,0.0724201149140701,0.0,0.029155738302693798,0.9700897110744915,0.0,0.0,0.0
037,2571,44107.0000027,0.340840705275347,0.1519588276189655,0.048457343690778455,980293.8746904635,0.18059959867622785,3.165869700509038,281465.307176558,0.034444295089373585,0.1517103768628649,0.18615467195223848,0.0,0.01173047089279089,0.9882695291072092,0.0,0.0,0.0
038,2145,56056.9999978,0.2210592286473827,0.0629065077998893,0.04157518796745216,1145227.1597134708,0.129318522705184,3.6959190017612618,389904.6851137919,0.005735633241390342,0.12190532481881283,0.12764095806020317,0.0,0.004999958413953653,0.9935356587684997,0.0,0.0,0.0
039,2265,92517.99999850002,0.4498804552776196,0.17163533200088035,0.05994850575228519,843427.0634521615,0.3456105222769451,3.2499598998916417,230991.5177320262,0.006538344178536149,0.14873644958951882,0.15527479376805498,0.0017364461694222167,0.001488730928059762,0.9963005864490634,0.0,0.0,0.0
040,2216,102337.999998,0.2689251836320609,0.1492230603802932,0.03216055329754657,1197049.8054420657,0.14485836851403894,3.44794783577455,354259.4258766024,0.0032629278812027385,0.05248074205480821,0.05574366993601094,0.0012943872266664267,0.0016206459800195557,0.997084966793314,0.0,0.0,0.0
041,2264,59388.9999982,0.21965264471190585,0.07233423693495769,0.021314455866210343,1066974.7093374557,0.12008121504009406,3.443232657094711,332788.8570889279,0.008346001448332568,0.05164667385362549,0.05999267530195806,0.0,0.0050300839247849624,0.994969916075215,0.0,0.0,0.0
042,2196,139490.0000064,0.3456416416631149,0.15031185129212135,0.03636387219920619,842886.8720213596,0.2543474672254081,3.158857941575621,260612.53234385408,0.005451572369812244,0.1344675835245495,0.1399191558943617,0.0,0.5468256713047553,0.4531743286952447,0.0,0.0,0.0
043,2756,73680.0000025,0.23395105301459176,0.08495468492111309,0.038597428695758766,1176511.5528156538,0.1494093974514994,3.6055347431458493,362000.61566031276,0.0,0.11999704615363743,0.11999704615363743,0.0006446625624102652,0.0,0.9993553374375896,0.0,0.0,0.0
044,2293,78905.0000038,0.19138044360272166,0.060566603202203244,0.03059303367319874,1418709.423643221,0.10569399691652447,3.2000151191894046,460748.5768046597,0.002565652499718022,0.04535970744094332,0.04792535994066135,0.001081075578174918,0.20892071251005764,0.691704162941151,0.09829404897061635,0.0,0.0
045,2469,89478.99999850002,0.3244571207253845,0.0858933149848438,0.04126765319753127,878070.4397056228,0.24472151803067846,3.5037879078024523,248400.2587333203,0.010927202968477415,0.11601627265809879,0.1269434756265762,0.013299669396394116,0.28118569886478134,0.7055146317388243,0.0,0.0,0.0
047,2378,93575.0000042,0.26720831431341413,0.07504449510429936,0.0337154060310809,926690.9510180312,0.1664851532866766,3.513604109073394,259520.21119855993,0.004055076270189352,0.07443667131485296,0.0784917475850423,0.001035223955069752,0.007443044535065341,0.9915217315098649,0.0,0.0,0.0
048,2432,140406.00000220002,0.33929723211510576,0.1338840227747066,0.0317013659482519,896426.5836674817,0.2768039610557314,3.5291548518092943,246574.67214119676,0.006718366073994128,0.09356753425704137,0.1002859003310355,0.011486510047823667,0.2780580974943255,0.7104553924578507,0.0,0.0,0.0
049,2785,36276.999997399995,0.36405045153531257,0.13856942040026132,0.059295470718476406,806264.4264234471,0.3251937472019601,3.8134009469447543,236837.95138867962,0.018247676176294733,0.13131140263642008,0.14955907881271482,0.0,0.6503859848469004,0.34961401515309976,0.0,0.0,0.0
050,2500,96156.0000033,0.5221184917444258,0.17455778838890929,0.0630786075241466,557986.0836562533,0.5453921897406319,3.615804038094012,150029.1905653152,0.007972271930755144,0.20705232116161995,0.21502459309237512,0.035853985153102064,0.9641460148468979,0.0,0.0,0.0,0.0
051,2692,77733.99999669999,0.5265376983345458,0.17565666222090293,0.06736178803640999,552249.0706601833,0.5524742211712143,3.6592377897750734,168187.30175970253,0.005163611989824787,0.18674045249075366,0.19190406448057845,0.19496129335610382,0.8018119887339643,0.0,0.0,0.0,0.0
052,2154,19629.0000075,0.7487849338878249,0.3638983283545144,0.17880484632222546,342105.1816187633,0.754926642046872,3.7526292322408326,64628.117806994414,0.11897533264087244,0.2826258941708852,0.4016012268117577,0.9406263803171484,0.007000186237072627,0.0016351785005724265,0.0,0.0,0.0
053,2174,47442.999997499996,0.5827803477658865,0.22344026388631832,0.10403731781422114,555562.313298087,0.4649072076294137,3.0968267260932505,112069.29148232724,0.016075805396795935,0.13503066570490013,0.1511064711016961,0.0032091840188863048,0.7094701243634188,0.28732069161769497,0.0,0.0,0.0
054,2741,120852.0000177,0.4994434554385517,0.18920952651136094,0.08836474020484515,604853.1814262352,0.5412289176672314,3.7974271980032235,130604.77324336329,0.003270561798250017,0.16223934597630463,0.16550990777455463,0.08400144191749556,0.8319516782450803,0.08404687983742401,0.0,0.0,0.0
055,2431,75394.00000069999,0.6239134951436888,0.23144132823617256,0.12933088404129597,475879.37762866315,0.5022315466330005,3.685937960754435,124946.7502659414,0.017805050418966184,0.20611160497593606,0.22391665539490224,0.29115658403183536,0.7069788979335905,0.001864518034574301,0.0,0.0,0.0
057,2440,131329.99999830002,0.5375758554741024,0.17050022665339107,0.09977070666618143,546453.4732746364,0.5369657626400125,3.6829561057356353,131619.82020471324,0.009416473534729368,0.17140381560946763,0.180820289144197,0.21329619519883194,0.7829697168463492,0.0033905540356793107,0.0,0.0,0.0
058,2461,98789.9999997,0.5463223495319759,0.14300688904284747,0.08087932796866347,538295.1485405599,0.6418885111488265,3.7876063290377195,85874.88811383818,0.02371073793204893,0.1587196053178218,0.1824303432498707,0.43168315555248016,0.5647227497800326,0.00359409466748738,0.0,0.0,0.0
062,2412,41091.0000058,0.6075462272779011,0.2515357792713999,0.08801693986005454,496094.149913777,0.5782026670182382,3.417757078907231,142088.0763667548,0.02220447816483449,0.23966892606677664,0.2618734042316112,0.0,0.9782259668230582,0.021354195548323126,0.0,0.0,0.0
065,2418,83274.9999976,0.28126930597868566,0.07590570125706604,0.030126392984356692,993465.718329111,0.25161721027563955,3.647526327724456,280370.2631958299,0.006550303104361702,0.08904246383084602,0.09559276693520771,0.01368582692203958,0.5267731856807476,0.4575024442953829,0.0020385431018299914,0.0,0.0
066,2882,71305.9999963,0.5323890475453656,0.18730343172934988,0.09234022598577481,541606.1792803309,0.5329856299213537,4.082155660577006,129420.60229855483,0.012815071397181384,0.20802318101239284,0.22083825240957425,0.16679025000304498,0.832027275280881,0.0007493787227270173,0.0,0.0,0.0
067,2402,161831.0000128,0.7038631757592213,0.2920063706370369,0.1283344089448704,390100.4363498642,0.6999095390854729,3.793805295915117,94504.09039926343,0.049540423591066494,0.26740798307417724,0.3169484066652437,0.7291873913191316,0.2533851853437022,0.00627196421649572,0.0,0.0,0.0
069,2366,164520.000002,0.5154591657334616,0.1613228629192643,0.11203845497067787,615523.9462379344,0.5271605075896285,3.809864504438854,155800.1338993075,0.020936730408814285,0.19357075375706823,0.2145074841658825,0.4453212904693007,0.4547796296212645,0.09989907990943472,0.0,0.0,0.0
070,3157,101327.0000007,0.6408927384719904,0.2513889336003634,0.1286378396854733,413543.7933345092,0.711122887595628,4.2963750196718795,95023.51351292203,0.028253485759770075,0.25092907414632176,0.27918255990609187,0.9259040015420555,0.06354110780498308,0.0007786428000380446,0.0,0.0,0.0
071,2573,297101.9999961,0.4456968888729736,0.1490413708291471,0.054795271255709155,644941.2180258469,0.4503924567810265,3.8630385426488734,238418.55806301138,0.008361429090792419,0.14471337553185232,0.15307480462264472,0.002318177117316749,0.8509075995924582,0.1452201069826738,0.0015541163075511474,0.0,0.0
072,2292,83569.99999309999,0.1118603479582606,0.05326559529098401,0.011225539385873595,1512187.8045529118,0.040203632312760626,3.2456508872022853,564025.0549230543,0.0,0.022366428233269457,0.022366428233269457,0.0,0.0025010266999791445,0.9974989733000209,0.0,0.0,0.0
073,2364,167506.0000011,0.2219642795258429,0.07577247004654548,0.0305512445349205,1231332.3061936938,0.17923590846717632,3.4970780660695926,398876.4619564738,0.004742871532928868,0.0939250012470997,0.09866787278002856,0.00567960684210567,0.19212094725018009,0.7082817853546792,0.09391766055303505,0.0,0.0
074,2238,141623.0000024,0.4166244586931509,0.12322933676665691,0.08592613515102616,671310.97978141,0.34682334106301677,3.6287148311396535,179680.37483502133,0.015880503768892672,0.16491889197943976,0.18079939574833243,0.006651877913785442,0.9503846193388015,0.04296350274741312,0.0,0.0,0.0
075,2481,137089.0000028,0.27325235780503826,0.05261715851565532,0.04310188828847913,991938.6290965109,0.25608602748785797,3.539451453940794,301934.03012095386,0.01305724169673307,0.10214813066558211,0.11520537236231519,0.0,0.025691278669536324,0.9719013841386156,0.0024073371918480655,0.0,0.0
076,2644,34600.0000001,0.4229849668369278,0.07810603806913842,0.06015934993046196,681057.2330455217,0.42078201281959315,3.6705448857870797,154005.50180545257,0.0044417649999871625,0.18006367247346802,0.18450543747345519,0.0,0.7371325416337077,0.26174062175935914,0.0011268366069331593,0.0,0.0
077,2209,63491.99999910001,0.22724092487407097,0.052838232866306845,0.024936979032357514,849636.8976627991,0.2624403615248566,3.4567029700026928,254081.26538960834,0.0,0.08781657818904798,0.08781657818904798,0.006809795106566634,0.9706812326115669,0.022508972281866345,0.0,0.0,0.0
078,2078,29887.999995000002,0.19640084303339148,0.05468088856308232,0.01988543944390482,1024898.9616517047,0.16660711877452608,3.5035015496392368,330876.94947077584,0.0,0.05245349740906944,0.05245349740906944,0.0,0.8656432157898893,0.13435678421011052,0.0,0.0,0.0
079,2159,131416.00000330003,0.40825812709679754,0.12494154804352356,0.05182502686681208,795003.2777595875,0.3062280391816022,3.611269558498834,243487.31042366044,0.0011947116347785461,0.055875253803308655,0.0570699654380872,0.001940786074706241,0.9564791211606166,0.04158009276467694,0.0,0.0,0.0
080,2619,56463.0000001,0.5935306666142545,0.20529019623788095,0.1271183377430758,516810.16359232255,0.5326900755901516,3.5970422833243063,110619.65599934079,0.01251670586930819,0.18454373877727973,0.19706044464658795,0.07008493171976322,0.9077473303474705,0.020448619198376906,0.0,0.0,0.0
081,2381,62532.0000021,0.42257089620054694,0.11108279962046193,0.06292296577540878,679816.3293689567,0.4189400908002339,3.539429057897831,175746.67139168124,0.0031220968607024177,0.16472888812374573,0.16785098498444814,0.0053601105320275014,0.978122441841712,0.01651744762626037,0.0,0.0,0.0
082,3134,138658.00000200002,0.6585619570185843,0.2523168302650793,0.12847925674496272,447236.7594871012,0.6481882147939796,3.7817963159676062,124887.69466509685,0.026934634675576812,0.21986511244688564,0.24679974712246242,0.027288221256944595,0.9722349168079414,0.0004768619351140668,0.0,0.0,0.0
083,2264,31305.000003700003,0.4509832228759419,0.17013555991600376,0.02867402106672755,639286.1526365987,0.4272234583012066,3.9121993810964653,191245.77323175452,0.0,0.05690684798880193,0.05690684798880193,0.16510255288896727,0.8334100940493973,0.001487353061635419,0.0,0.0,0.0
084,2513,199171.0000029,0.5522918237042458,0.18795588750799527,0.09968228496473343,536362.5788589469,0.5493628931456228,3.7633010092291874,137178.08860508617,0.010431743932950823,0.17680605468862062,0.18723779862157147,0.02426142697194693,0.9753720865706926,0.0,0.0,0.0,0.0
085,2530,236893.9999938,0.5774122247227872,0.22597022395333363,0.07727423420086241,559243.4881524148,0.5417241991656973,3.6623812802853037,133205.3566644155,0.014041059870604803,0.15374357223675233,0.16778463210735714,0.010853917966547461,0.9885468201365547,0.0005992618968978337,0.0,0.0,0.0
086,2345,141524.0000047,0.5257805841760325,0.18005888039310453,0.07623870728598454,540236.3615340404,0.49282307504086753,3.6768618279558147,122842.87380400246,0.004517391719982253,0.1650564668390113,0.16957385855899354,0.32806178284289667,0.6692759896410106,0.002662227516092589,0.0,0.0,0.0
087,2392,110225.00000209999,0.45206665391654044,0.15713351057083258,0.07448027147057013,552453.5751865588,0.4627239344615857,3.718366457247371,125393.30353983339,0.009199453458658937,0.08655274470780894,0.09575219816646788,0.27270370862986915,0.7241674077884259,0.003128883581704962,0.0,0.0,0.0
089,2548,17278.0000018,0.5518928148284867,0.21040776394381677,0.12479296413794264,570096.0828298577,0.48394687874342496,3.7730787521535163,116817.73103176571,0.025096220862068922,0.3366970347258911,0.36179325558795994,0.040240627354298356,0.9455855951208442,0.008269778549896656,0.004541046341696153,0.0,0.00031073724964930395
092,2114,12306.0000009,0.3174336304253462,0.1538255060508335,0.07415519420878111,1771407.661383216,0.20924943920133884,3.2781323452583844,426611.646352513,0.013537144993321678,0.11042676094593012,0.12396390593925179,0.003069231894786095,0.5798833074336182,0.23419266815287068,0.17839479624081298,0.0012613401266751824,0.0
094,2247,17970.0000019,0.34488806683053497,0.15841324490256065,0.057986075291587454,1385503.844002403,0.25588032929403604,3.0898430860283415,551575.5337932238,0.015655922079591194,0.11333872382774939,0.12899464590734058,0.050557264902834784,0.6220538895836448,0.32149657580351454,0.0,0.0,0.0
095,2541,20880.000003,0.508580371789955,0.22174732574400186,0.10998461591810567,721111.6888979353,0.4559007991011636,3.4665156241666883,179846.8574230533,0.04193090084167659,0.17603539441436272,0.21796629525603933,0.021383970954781995,0.9213019936942574,0.055947981768781414,0.0,0.0,0.0
096,2421,45301.999997399995,0.6893146738464576,0.3337012588443694,0.15266626362405486,441254.99481158704,0.6368468185765706,4.119486634636676,109937.89935469594,0.09105156276183687,0.251855324521099,0.34290688728293583,0.08970862514752644,0.8662240771434414,0.003076170734360471,0.0,0.0,0.0
098,2261,43325.0000007,0.19539201921669305,0.04347811778348679,0.01712714897144861,1447423.36270404,0.1468334643507725,3.1018025559291114,344089.13322693633,0.006572945610972856,0.07596983287124803,0.0825427784822209,0.0037395459687797426,0.0,0.8700645168191797,0.12619593721204067,0.0,0.0
100,2367,39000.9999961,0.1300010708368248,0.08276876309383857,0.01424675583845446,2456485.9569471865,0.05642103158688347,2.6386756289323565,480391.03602248005,0.003413888323717704,0.05928942482324117,0.06270331314695887,0.0013790921105966117,0.0,0.4503994729995785,0.5458095137414081,0.0,0.0
101,2306,29341.999999699998,0.09990785814293411,0.05805458169577453,0.0050594894486237435,2815385.655602662,0.020734912344292162,2.4581278668542517,440328.19507524977,0.005674296148923124,0.020295560469841482,0.025969856618764605,0.007878370673517944,0.0003310273464692015,0.13702796977169615,0.8547626322083168,0.0,0.0
102,2165,39295.0,0.4324740129100394,0.15802023246977984,0.10448104922509226,862033.7606376254,0.3752397003969971,3.334361474559104,238742.41054684695,0.026789190041990076,0.21042827307291004,0.2372174631149001,0.0017800902913856725,0.2632160191322051,0.6492448415421809,0.08326011980659118,0.0,0.0
107,2186,29358.0000039,0.0487869244297885,0.038170680974560056,0.004048308072219211,3378316.7442642967,0.0024197899138416385,2.710005256282137,828232.5569127,0.004225201648052378,0.009623799092665275,0.013849000740717654,0.00037430549419375326,0.0,0.1096859085418702,0.8838071589874363,0.0012717750866898317,0.0
109,2118,25736.999998,0.035871444044439635,0.027682769038946477,0.0015624750088636963,3700103.7173449295,0.0,2.9252565042409966,1306965.47646306,0.0,0.00853136438268107,0.00853136438268107,0.0,0.0007165326728613695,0.013377393461815865,0.8843900996218977,0.1015159742434251,0.0
110,2282,45822.999997700004,0.05842067584257617,0.04705984018087506,0.001439731379510538,3064533.819915193,0.0,2.9983668768172365,1038728.2522487685,0.0006455036379434925,0.005357943262386209,0.006003446900329702,0.0,0.000429487685245135,0.18635821708811345,0.6520284548894586,0.15844928820383722,0.00273455213334547
112,2230,50890.000004999994,0.07607199163331972,0.05278633156683177,0.0010062199723908215,2453393.8577843313,0.0036411659949261974,3.008174395263493,744634.0150761756,0.0,0.026388683905837235,0.026388683905837235,0.0,0.0,0.10391591418511338,0.8960840858148867,0.0,0.0
114,2868,44465.9999975,0.0559976243520891,0.03766649855382013,0.0022543014641666836,2565234.806302331,0.004809971895651169,3.1635408625288726,931471.5082246308,0.0,0.01609802543831793,0.01609802543831793,0.0,0.0008780846714837226,0.15548232107202592,0.8413528221855661,0.002081969707309066,0.0
116,1976,12064.0000031,0.13625275525344965,0.04887122421655332,0.006883345895114525,1429556.6591941,0.06415595836381935,3.178647379645739,520192.18169948494,0.0026039639167711962,0.03304031309661597,0.03564427701338716,0.0009889468001437554,0.005641073539664512,0.9891015429819119,0.0,0.0,0.0
802,2434,181897.9999923,0.22397705476874197,0.10812511278206777,0.01952087412423617,1552872.4737284973,0.06395058441155163,3.0813510136682445,450872.60801803955,0.0,0.04721085549463724,0.04721085549463724,0.0,0.2815708938249354,0.6232368198913618,0.09519228628370285,0.0,0.0
803,2561,98350.0000013,0.028990755060115017,0.024766258722600958,0.0009042102277460552,5577758.199290498,0.0,2.8116575765922205,1987339.1108201395,0.0028474247452597696,0.011951417778184679,0.014798842523444447,0.0,0.0,0.0028377698393117524,0.00554913688858959,0.34737373838585067,0.6430644066890089
804,2206,38226.999995,0.09801326955528988,0.03141599067562404,0.014681858324571882,2283267.2203508005,0.04275955336578329,3.1868803945309443,933373.8728610077,0.004441399043142465,0.04609137432522712,0.050532773368369574,0.0,0.14814737442228626,0.3270162118747242,0.5085041032762844,0.0050803818825804255,0.011251928544124821
806,2105,58582.9999961,0.09020888765429928,0.0399512966364954,0.009916163522500947,2774482.772755313,0.04379733330950633,3.4055110312510712,1219710.4239384222,0.003344565590923029,0.11584014593059039,0.11918471152151341,0.004415568653316162,0.0034170086699780882,0.32500998255923286,0.5218925966446816,0.09070973001645133,0.054555113456339975
807,2247,74241.00000300001,0.22678613149499113,0.10094147459890324,0.01851432268348294,1541009.6269841464,0.12609540344852188,3.329208538159674,536235.1486981547,0.010661316856831346,0.060697773016499056,0.0713590898733304,0.0,0.0010940400748470234,0.6804029244886085,0.3185030354365443,0.0,0.0
808,2409,44962.0000004,0.06416226865963114,0.04823627049687971,0.0024763228103511733,3003381.210080292,0.0030948256549700203,3.0505346313638135,1029467.8670509793,0.003111792455823924,0.01119373635949296,0.014305528815316885,0.0,0.0,0.0039489564565281885,0.7327045621548625,0.2633464813886095,0.0
809,1756,18582.999995899998,0.39106736843907747,0.14146940630576468,0.04973664538577842,866486.6269567932,0.24932828445472996,3.4273973689583133,183506.30291052163,0.0,0.10618575814106236,0.10618575814106236,0.14061354824713534,0.04529235997340036,0.8140940917794643,0.0,0.0,0.0
810,2143,70136.9999997,0.16295647127406201,0.08372509183776206,0.016321329756118687,1794159.3988087424,0.0771487593498887,3.1033592045230196,603571.2366683204,0.006591591154483047,0.04136386306532087,0.047955454219803906,0.0,0.0019254903032718488,0.6532941027445713,0.34478040695215695,0.0,0.0
811,2340,79206.00000269999,0.6696752270395158,0.20266343685267293,0.2111578821191561,416047.43401713466,0.6741151787551435,4.0342400292302045,83900.55651657193,0.05051339069721504,0.27499174098499507,0.32550513168221024,0.7152356892289584,0.26200226140182054,0.0016097787894307706,0.0,0.0,0.0
812,2263,57441.0000064,0.5448391880296831,0.13729557755299018,0.1302615537432553,563914.7293928496,0.5960009682558729,3.719585309359075,109152.090550102,0.020377114906940802,0.19018462966318167,0.21056174457012247,0.4655447791546197,0.5177217828813319,0.00384826675676557,0.0,0.0,0.0
813,2067,19069.999997699997,0.14183901963955062,0.04073306406888758,0.010470096220455232,1777240.5281156462,0.08774083455174642,3.315833386419844,689567.29989597,0.001583689932021106,0.049970330603824435,0.05155402053584554,0.005284134174732749,0.0009537241165282417,0.5084402894058424,0.483905863178447,0.0,0.0
814,2620,28215.0000017,0.18787335145421286,0.059295691975870896,0.03594464868115875,2563450.466078537,0.09536633990210447,2.8222952371895125,512925.37539936113,0.011522696628758157,0.08681012685991221,0.09833282348867037,0.0032088560019331897,0.0570483464328555,0.6061727153028357,0.3079754846137318,0.022649876372904318,0.0013390194009471439
815,2562,59757.0000027,0.7427204357078611,0.3471255342782061,0.14833686544839084,367369.9984581359,0.6967994677095343,3.9510445045707145,102517.34063421737,0.06900543840075113,0.18329499341173594,0.25230043181248707,0.8535166875444803,0.09768005542005562,0.0,0.0,0.0,0.0
816,2666,77964.00000069999,0.11546706641423189,0.05230847451982177,0.011099083483302944,3342018.9536993764,0.06000070847901595,2.6534731306223716,894584.1878765104,0.0040813293750595545,0.05222111999722238,0.05630244937228194,0.055458805795767015,0.06675891778838015,0.1559902354072496,0.5956283344272109,0.09003606029112124,0.0347437051943933
817,3003,78119.99997430001,0.04622932229503448,0.038618931547523126,0.006436833393054615,5867883.722661641,0.0,2.8047135308599733,1651667.0943177673,0.0014303703384121926,0.014050531236061169,0.015480901574473363,0.002497270914800049,0.0,0.024650185899046464,0.07067519786503267,0.08143846301194274,0.8202033522065952
