id_establecimiento,vj,vj_rank,vj_quintile
111001000132,0.40320495715757426,1,1
111001800431,0.3018634281431966,2,1
111001010740,0.28456121587244926,3,1
111001109550,0.26231551438148826,4,1
111001104302,0.23512632367031383,5,1
111769000174,0.2277110898399935,6,1
111001006122,0.2252393452298867,7,1
111001104183,0.21535236678945963,8,1
111001016136,0.21535236678945963,9,1
111001014206,0.2104088775692461,10,1
111001013170,0.20052189912881901,11,1
111001034134,0.19557840990860545,12,1
111001013161,0.19557840990860545,13,1
111102000621,0.19310666529849868,14,1
111001011011,0.19310666529849868,15,1
111001009652,0.1906349206883919,16,1
111001029955,0.18816317607828514,17,1
111001010251,0.18569143146817835,18,1
111769001502,0.1733327084176445,19,1
111001014214,0.1733327084176445,20,1
111001010839,0.17086096380753774,21,1
111001032255,0.16838921919743097,22,1
111001108901,0.16838921919743097,23,1
111001018201,0.16097398536711066,24,1
111001000272,0.15850224075700386,25,1
111001032433,0.15850224075700386,26,1
111001104043,0.15355875153679033,27,1
111102000753,0.15108700692668356,28,1
111001800694,0.1486152623165768,29,1
111001015814,0.1486152623165768,30,1
111001025020,0.1486152623165768,31,1
111001026964,0.1486152623165768,32,1
111001092410,0.1486152623165768,33,1
111001046957,0.1486152623165768,34,1
111001035602,0.1486152623165768,35,1
111001076937,0.14614351770647002,36,1
111001098892,0.14120002848625648,37,1
111279000362,0.14120002848625648,38,1
111001027391,0.1387282838761497,39,1
111001018384,0.1387282838761497,40,1
111769003416,0.13625653926604292,41,1
111001046931,0.13625653926604292,42,1
111001012963,0.13625653926604292,43,1
111001016314,0.13625653926604292,44,1
111001100072,0.13378479465593615,45,1
111001104264,0.13378479465593615,46,1
111001076376,0.13378479465593615,47,1
111001044385,0.13378479465593615,48,1
111001046299,0.13378479465593615,49,1
111001034240,0.13131305004582938,50,1
111001102016,0.12884130543572261,51,1
111001104558,0.12636956082561585,52,1
111001078930,0.12636956082561585,53,1
111001104272,0.12389781621550906,54,1
111001012611,0.11895432699529553,55,1
111001801047,0.11648258238518874,56,1
111001024732,0.11648258238518874,57,1
111001801098,0.11401083777508197,58,1
111848003910,0.11401083777508197,59,1
111001010928,0.11153909316497522,60,1
111001800457,0.11153909316497522,61,1
111001086720,0.11153909316497522,62,1
111001086771,0.11153909316497522,63,1
111001010731,0.11153909316497522,64,1
111001800384,0.10906734855486844,65,1
111001012483,0.10906734855486844,66,1
111001035530,0.10906734855486844,67,1
111001000124,0.1041238593346549,68,1
111769003360,0.1041238593346549,69,1
111001012343,0.09918037011444135,70,1
111001010910,0.09918037011444135,71,1
211102000243,0.09670862550433458,72,1
111001025313,0.09670862550433458,73,1
111001014958,0.09423688089422781,74,1
111001026069,0.09423688089422781,75,1
111001047678,0.09423688089422781,76,1
111001014591,0.09423688089422781,77,1
111001086789,0.09176513628412103,78,2
111001030015,0.09176513628412103,79,2
111001012815,0.09176513628412103,80,2
111001015458,0.09176513628412103,81,2
111001027383,0.08929339167401426,82,2
111279000168,0.08929339167401426,83,2
111001800392,0.08929339167401426,84,2
111001041475,0.08929339167401426,85,2
111001098868,0.08682164706390749,86,2
111001086631,0.08434990245380072,87,2
111001014664,0.08187815784369394,88,2
111001019526,0.08187815784369394,89,2
111001030066,0.08187815784369394,90,2
111001098876,0.08187815784369394,91,2
111001086649,0.07940641323358717,92,2
111001009148,0.07940641323358717,93,2
111001801314,0.07940641323358717,94,2
111001076767,0.07693466862348042,95,2
111001800163,0.07446292401337364,96,2
111001016039,0.07446292401337364,97,2
111001016071,0.07446292401337364,98,2
111001107875,0.07446292401337364,99,2
111001014346,0.07199117940326687,100,2
111001009521,0.07199117940326687,101,2
111001011045,0.07199117940326687,102,2
111001014885,0.06951943479316008,103,2
111001041556,0.06951943479316008,104,2
111001012335,0.06951943479316008,105,2
111001098906,0.06951943479316008,106,2
111001093084,0.06704769018305333,107,2
111001011819,0.06704769018305333,108,2
111001015776,0.06704769018305333,109,2
111001019411,0.06457594557294655,110,2
111001011053,0.06457594557294655,111,2
111001034045,0.06210420096283978,112,2
211102000995,0.06210420096283978,113,2
111001801055,0.06210420096283978,114,2
111265000025,0.057160711742626234,115,2
111001012602,0.057160711742626234,116,2
111001075515,0.054688967132519466,117,2
111001800660,0.054688967132519466,118,2
111001024660,0.054688967132519466,119,2
111001011029,0.0522172225224127,120,2
111001014974,0.0522172225224127,121,2
111001011274,0.0522172225224127,122,2
111001027324,0.04974547791230592,123,2
111001104051,0.04974547791230592,124,2
111850001428,0.04974547791230592,125,2
111001029912,0.04727373330219915,126,2
111001012271,0.04727373330219915,127,2
311001026441,0.04727373330219915,128,2
111001098825,0.04727373330219915,129,2
111001032450,0.04727373330219915,130,2
111001018058,0.04727373330219915,131,2
111001015172,0.04727373330219915,132,2
111001046477,0.04480198869209238,133,2
111001014028,0.04480198869209238,134,2
111769001871,0.04233024408198561,135,2
111001024643,0.03985849947187883,136,2
111001107794,0.03985849947187883,137,2
111001098922,0.037386754861772065,138,2
111001094901,0.037386754861772065,139,2
111001013242,0.037386754861772065,140,2
111001801071,0.03491501025166529,141,2
111001024830,0.03491501025166529,142,2
111001036561,0.03244326564155852,143,2
111001030830,0.03244326564155852,144,2
111001075736,0.03244326564155852,145,2
111001030848,0.03244326564155852,146,2
111001011321,0.02997152103145175,147,2
111001025216,0.027499776421344976,148,2
111001013820,0.027499776421344976,149,2
111001094897,0.027499776421344976,150,2
111001011771,0.027499776421344976,151,2
111001027332,0.025028031811238204,152,2
111001015598,0.025028031811238204,153,2
111001033979,0.022556287201131432,154,3
111001013102,0.022556287201131432,155,3
111001100064,0.022556287201131432,156,3
111001018333,0.02008454259102466,157,3
111001002330,0.02008454259102466,158,3
111001107816,0.02008454259102466,159,3
111001800562,0.017612797980917888,160,3
111850000740,0.017612797980917888,161,3
111001012360,0.015141053370811116,162,3
111001014168,0.012669308760704344,163,3
111001086606,0.012669308760704344,164,3
111279000125,0.012669308760704344,165,3
111001107859,0.010197564150597572,166,3
111001033928,0.010197564150597572,167,3
111001014290,0.010197564150597572,168,3
111001086584,0.010197564150597572,169,3
111001017795,0.010197564150597572,170,3
111001014745,0.007725819540490801,171,3
111001079154,0.007725819540490801,172,3
111001014630,0.007725819540490801,173,3
111102000265,0.007725819540490801,174,3
111001012301,0.0052540749303840294,175,3
111001027251,0.0052540749303840294,176,3
111001078638,0.0052540749303840294,177,3
111001035572,0.0052540749303840294,178,3
111001016101,0.0052540749303840294,179,3
111001020443,0.0052540749303840294,180,3
111001015806,0.0052540749303840294,181,3
111001107786,0.0052540749303840294,182,3
111001012530,0.0027823303202772574,183,3
111265000408,0.0027823303202772574,184,3
111001034002,0.0027823303202772574,185,3
111001800414,0.0027823303202772574,186,3
111001100021,0.0027823303202772574,187,3
111001016250,0.0027823303202772574,188,3
111001044806,0.0027823303202772574,189,3
111279000966,0.00031058571017048584,190,3
111001045225,0.00031058571017048584,191,3
111001075272,0.00031058571017048584,192,3
111001035521,-0.002161158899936286,193,3
111001045535,-0.002161158899936286,194,3
111001013811,-0.002161158899936286,195,3
111102000958,-0.002161158899936286,196,3
111001102091,-0.002161158899936286,197,3
111001065234,-0.004632903510043058,198,3
111001100081,-0.004632903510043058,199,3
111001014109,-0.004632903510043058,200,3
111001800554,-0.00710464812014983,201,3
111001011088,-0.00710464812014983,202,3
111001800813,-0.00710464812014983,203,3
111001010421,-0.00710464812014983,204,3
111848003031,-0.00710464812014983,205,3
111001010031,-0.009576392730256601,206,3
111769003424,-0.009576392730256601,207,3
111001086614,-0.009576392730256601,208,3
111001012246,-0.009576392730256601,209,3
111279001296,-0.009576392730256601,210,3
111001107867,-0.009576392730256601,211,3
111001098973,-0.012048137340363373,212,3
111001065056,-0.012048137340363373,213,3
211850000051,-0.012048137340363373,214,3
111001100056,-0.014519881950470145,215,3
111001013153,-0.014519881950470145,216,3
111001104256,-0.014519881950470145,217,3
111001800422,-0.014519881950470145,218,3
111001012556,-0.016991626560576917,219,3
111001107832,-0.02193511578079046,220,3
111001012971,-0.02193511578079046,221,3
211850000931,-0.024406860390897234,222,3
111001107069,-0.024406860390897234,223,3
111001096555,-0.026878605001004006,224,3
111001015903,-0.026878605001004006,225,3
111001018252,-0.026878605001004006,226,3
111001036765,-0.029350349611110778,227,4
111001014729,-0.029350349611110778,228,4
111001015911,-0.029350349611110778,229,4
111850001461,-0.029350349611110778,230,4
111001032395,-0.029350349611110778,231,4
111001015601,-0.031822094221217546,232,4
111001013293,-0.031822094221217546,233,4
111001013129,-0.031822094221217546,234,4
111001013676,-0.031822094221217546,235,4
111001800678,-0.031822094221217546,236,4
111001047571,-0.031822094221217546,237,4
111001001279,-0.03429383883132432,238,4
111001045730,-0.03429383883132432,239,4
111001009831,-0.03429383883132432,240,4
111001104281,-0.03429383883132432,241,4
111001107883,-0.03429383883132432,242,4
111001098965,-0.03429383883132432,243,4
111001104035,-0.03429383883132432,244,4
111001013323,-0.03429383883132432,245,4
111001014486,-0.03429383883132432,246,4
111001108456,-0.03676558344143109,247,4
111265000394,-0.03676558344143109,248,4
111001077895,-0.039237328051537866,249,4
111001016004,-0.039237328051537866,250,4
111001801276,-0.039237328051537866,251,4
111001800091,-0.041709072661644635,252,4
111265000017,-0.041709072661644635,253,4
111001086665,-0.041709072661644635,254,4
111001012033,-0.04418081727175141,255,4
111001009580,-0.04418081727175141,256,4
111001104337,-0.04665256188185818,257,4
111265000343,-0.04665256188185818,258,4
111001018341,-0.04665256188185818,259,4
111001800635,-0.049124306491964954,260,4
111001094889,-0.049124306491964954,261,4
111001086835,-0.049124306491964954,262,4
111279000184,-0.049124306491964954,263,4
111001098884,-0.049124306491964954,264,4
111001041459,-0.049124306491964954,265,4
111001075957,-0.05159605110207172,266,4
111848002662,-0.05159605110207172,267,4
111001000078,-0.05406779571217849,268,4
111001013374,-0.05406779571217849,269,4
111001030856,-0.05406779571217849,270,4
111001011070,-0.05406779571217849,271,4
111001013935,-0.05653954032228527,272,4
111001000612,-0.059011284932392036,273,4
111001036625,-0.06148302954249881,274,4
111001107778,-0.06395477415260557,275,4
111001801101,-0.06395477415260557,276,4
111001098841,-0.06642651876271236,277,4
111001046485,-0.06642651876271236,278,4
111001033898,-0.06889826337281912,279,4
111001009971,-0.06889826337281912,280,4
111001044270,-0.06889826337281912,281,4
111001075752,-0.06889826337281912,282,4
111001086754,-0.06889826337281912,283,4
111001020168,-0.06889826337281912,284,4
111001027405,-0.07137000798292589,285,4
111001077917,-0.07137000798292589,286,4
111001006483,-0.07137000798292589,287,4
111001107077,-0.07137000798292589,288,4
111001104388,-0.07137000798292589,289,4
111001098817,-0.07137000798292589,290,4
211102000201,-0.07137000798292589,291,4
111001016772,-0.07137000798292589,292,4
111001011690,-0.07631349720313944,293,4
111769000956,-0.07878524181324621,294,4
111279000061,-0.07878524181324621,295,4
111001098949,-0.081256986423353,296,4
111001028258,-0.081256986423353,297,4
111001046621,-0.08372873103345976,298,4
111001034754,-0.08372873103345976,299,4
111001104345,-0.08620047564356655,300,4
111001032280,-0.08620047564356655,301,4
111001045705,-0.08620047564356655,302,4
111001018309,-0.0886722202536733,303,5
111850001380,-0.0886722202536733,304,5
111001014176,-0.0886722202536733,305,5
111001011908,-0.0886722202536733,306,5
111001098931,-0.0886722202536733,307,5
111001014001,-0.09114396486378008,308,5
111001100048,-0.09608745408399363,309,5
211850000787,-0.09608745408399363,310,5
111001028266,-0.09608745408399363,311,5
111001032409,-0.09855919869410039,312,5
111102000281,-0.09855919869410039,313,5
111001028380,-0.09855919869410039,314,5
111001086681,-0.09855919869410039,315,5
111848002689,-0.10103094330420717,316,5
111001008389,-0.10103094330420717,317,5
211001032501,-0.10350268791431394,318,5
111001018325,-0.10597443252442072,319,5
111001001538,-0.10597443252442072,320,5
111850001576,-0.10844617713452748,321,5
111001030872,-0.10844617713452748,322,5
111001106950,-0.10844617713452748,323,5
111001100030,-0.11338966635474104,324,5
111001110477,-0.11338966635474104,325,5
111001102008,-0.11833315557495457,326,5
111001002909,-0.12080490018506135,327,5
111001012459,-0.12080490018506135,328,5
111848002671,-0.12080490018506135,329,5
111001016098,-0.12327664479516813,330,5
111001075663,-0.12327664479516813,331,5
111001036781,-0.12327664479516813,332,5
111001036544,-0.12822013401538165,333,5
111001011975,-0.12822013401538165,334,5
111001104299,-0.13316362323559522,335,5
111001046591,-0.13316362323559522,336,5
111001083011,-0.13563536784570196,337,5
111001020320,-0.14552234628612906,338,5
111001094439,-0.1504658355063426,339,5
111001046663,-0.1504658355063426,340,5
111001800571,-0.1529375801164494,341,5
111001014869,-0.1529375801164494,342,5
211001076958,-0.1529375801164494,343,5
111001030821,-0.15540932472655614,344,5
111001034011,-0.1578810693366629,345,5
111001012441,-0.1578810693366629,346,5
111769004188,-0.1578810693366629,347,5
111001018368,-0.16282455855687647,348,5
111001014524,-0.16282455855687647,349,5
111001100013,-0.16529630316698324,350,5
111001029114,-0.16529630316698324,351,5
111001030864,-0.17271153699730357,352,5
111001800643,-0.17765502621751708,353,5
111769003122,-0.17765502621751708,354,5
111001020095,-0.17765502621751708,355,5
211850001481,-0.18012677082762388,356,5
111001014451,-0.18012677082762388,357,5
111001001121,-0.18012677082762388,358,5
111001027308,-0.18507026004783741,359,5
111001086801,-0.18754200465794418,360,5
111001106968,-0.18754200465794418,361,5
111001041611,-0.18754200465794418,362,5
111001801080,-0.18754200465794418,363,5
311001075034,-0.19248549387815772,364,5
111001107115,-0.1949572384882645,365,5
111001104329,-0.1949572384882645,366,5
111001109304,-0.1949572384882645,367,5
111001102199,-0.1949572384882645,368,5
111001107743,-0.1949572384882645,369,5
111001016292,-0.1949572384882645,370,5
111001098850,-0.1949572384882645,371,5
111001107760,-0.1949572384882645,372,5
111001086762,-0.19990072770847805,373,5
111001014826,-0.2023724723185848,374,5
111001047457,-0.20731596153879836,375,5
111001015733,-0.20731596153879836,376,5
111001041599,-0.2196746845893322,377,5
111001075329,-0.2196746845893322,378,5
111001106984,-0.23203340763986607,379,5
111001104353,-0.24192038608029315,380,5
111001024686,-0.254279109130827,381,5
111001098612,-0.2789965552318947,382,5
