condicion,n_asignados,n_sin_asignar,eficiencia_q,equidad_corr,sesgo_visual,rank_medio,blocking_pairs,q_estrato_1,q_estrato_2,q_estrato_3,q_estrato_4,q_estrato_5,q_estrato_6,alpha_0,gamma,t_da_s
a015_g040,13568,0,259.3605,0.1241,0.0407,1.39,0,258.3922,257.8061,262.4139,263.667,259.2708,253.5188,0.15,0.4,0.06
a015_g061,13568,0,259.3695,0.124,0.041,1.39,0,258.391,257.8184,262.4168,263.7175,259.2708,253.5188,0.15,0.613,0.06
a015_g080,13568,0,259.3777,0.1249,0.0412,1.39,0,258.382,257.826,262.4289,263.7175,259.4963,253.5188,0.15,0.8,0.05
a030_g040,13568,0,259.325,0.126,0.0379,1.391,0,258.3612,257.75,262.4031,263.7138,259.3499,253.5188,0.3,0.4,0.05
a030_g061,13568,0,259.3378,0.1259,0.0393,1.391,0,258.3581,257.7667,262.4197,263.7073,259.3222,253.5188,0.3,0.613,0.05
a030_g080,13568,0,259.332,0.125,0.041,1.39,0,258.3703,257.7636,262.4052,263.667,259.2708,253.5188,0.3,0.8,0.12
a045_g040,13568,0,259.2816,0.1255,0.0358,1.39,0,258.4301,257.6746,262.3726,263.6128,259.3499,253.5188,0.45,0.4,0.05
a045_g061,13568,0,259.2968,0.1272,0.0375,1.391,0,258.409,257.6766,262.422,263.7138,259.3499,253.5188,0.45,0.613,0.06
a045_g080,13568,0,259.3135,0.1256,0.0382,1.391,0,258.419,257.7151,262.4053,263.6892,259.3222,253.5188,0.45,0.8,0.05
