id_establecimiento,codigo_localidad,demanda_total,M_t,s_j,delta_j
111001000078,16,1078.0,20686.315789473687,0.05211174435171992,0.041367337346843946
111001000124,08,2253.0,118926.74641148325,0.018944434855761395,-0.9705127921884147
111001000132,01,3064.0,30556.84210526316,0.10027214165145198,0.6958649007252276
111001000272,10,2989.0,68328.42105263159,0.04374460808479171,-0.13365464399585036
111001000612,12,680.0,13104.36090225564,0.05189112273937391,0.037124724629624684
111001001121,10,966.0,68328.42105263159,0.014137601676115354,-1.2631849720672705
111001001279,08,2143.0,118926.74641148325,0.018019495737193376,-1.0205687371470815
111001001538,10,2382.0,68328.42105263159,0.03486104264234656,-0.3606530563645429
111001002330,11,2421.0,96130.62656641605,0.025184481642043042,-0.6857950084537388
111001002909,07,5376.0,115661.05263157895,0.04648064216676678,-0.07298707699957774
111001006122,16,1499.0,20686.315789473687,0.0724633625076328,0.3710580839804991
111001006483,10,2550.0,68328.42105263159,0.03731975597732314,-0.2925001681273165
111001008389,12,1284.0,13104.36090225564,0.09798264940787661,0.6727674107093788
111001009521,10,1701.0,68328.42105263159,0.024894472516637907,-0.6973772138839265
111001009580,10,1379.0,68328.42105263159,0.020181938624599455,-0.9072349284864862
111001009652,06,3007.0,33714.73684210527,0.089189484529645,0.5787401407697077
111001009831,03,1194.0,10369.473684210527,0.11514567049030555,0.8341750212633086
111001009971,10,2169.0,68328.42105263159,0.03174374537835839,-0.45432729545291384
111001010031,07,4525.0,115661.05263157895,0.039122936347585506,-0.24531410306853685
111001010251,06,4480.0,33714.73684210527,0.13287957788254393,0.9774202831902095
111001010421,12,1522.0,13104.36090225564,0.11614454236665749,0.8428124648811033
111001010731,13,1777.0,3373.684210526316,0.5267238689547582,2.3546534379663213
111001010740,10,4227.0,68328.42105263159,0.06186298373182154,0.21289899428700165
111001010839,03,1264.0,10369.473684210527,0.12189625418739214,0.891147302017564
111001010910,08,1600.0,118926.74641148325,0.013453659906443958,-1.3127718243927862
111001010928,18,2637.0,56001.05263157895,0.047088400593973796,-0.059996306625828666
111001011011,06,4613.0,33714.73684210527,0.13682444035093194,1.006675641338999
111001011029,18,2033.0,56001.05263157895,0.036302889043439035,-0.3201256793507685
111001011045,16,1743.0,20686.315789473687,0.08425859963362506,0.5218676313979222
111001011053,15,1858.0,12265.12585812357,0.15148641942140278,1.1084729747204827
111001011070,10,1399.0,68328.42105263159,0.02047464259304905,-0.892835831614307
111001011088,12,815.0,13104.36090225564,0.06219303681263196,0.21822003970033466
111001011274,16,1838.0,20686.315789473687,0.08885100753104008,0.5749378887935337
111001011321,08,2616.0,118926.74641148325,0.02199673394703587,-0.8211290200435695
111001011690,08,2971.0,118926.74641148325,0.024981764738778122,-0.6938768571580511
111001011771,10,804.0,68328.42105263159,0.01176669953167365,-1.4467495371008217
111001011819,18,4119.0,56001.05263157895,0.07355218886863028,0.3859722014569651
111001012033,04,1075.0,51416.84210526316,0.020907546165499735,-0.8719128510738292
111001012271,06,1980.0,33714.73684210527,0.05872802772487433,0.1608940814697597
111001012301,04,1108.0,51416.84210526316,0.02154935921058019,-0.8416769243283633
111001012335,04,1865.0,51416.84210526316,0.03627216148712279,-0.3209724595576766
111001012343,08,2451.0,118926.74641148325,0.020609325269183836,-0.8862793490925465
111001012360,08,2350.0,118926.74641148325,0.01976006298758956,-0.9283601254824543
111001012441,10,1084.0,68328.42105263159,0.015864555089967956,-1.1479356242801964
111001012459,10,1249.0,68328.42105263159,0.018279362829677098,-1.0062502961542106
111001012483,10,1713.0,68328.42105263159,0.025070094897707663,-0.6903473079556686
111001012530,16,1636.0,20686.315789473687,0.07908609810706288,0.4585141030405935
111001012556,16,662.0,20686.315789473687,0.03200183187461836,-0.4462298581850903
111001012602,15,2586.0,12265.12585812357,0.21084170108920755,1.4390846146785017
111001012611,18,1911.0,56001.05263157895,0.03412435856468864,-0.38201154873884224
111001012815,18,1318.0,56001.05263157895,0.023535271893385463,-0.7535227779166629
111001012963,16,1740.0,20686.315789473687,0.08411357622633828,0.520144978086476
111001012971,18,897.0,56001.05263157895,0.0160175560609763,-1.138337630920319
111001013102,08,2673.0,118926.74641148325,0.022476020581202936,-0.7995740164817398
111001013129,08,2928.0,118926.74641148325,0.02462019762879244,-0.7084558575394566
111001013153,08,3261.0,118926.74641148325,0.02742024059682109,-0.6007415568313399
111001013161,08,3006.0,118926.74641148325,0.025276063549231585,-0.6821651623077392
111001013170,08,2275.0,118926.74641148325,0.019129422679475,-0.9607954012356079
111001013242,03,1665.0,10369.473684210527,0.16056745508070247,1.1666911297253053
111001013293,10,1078.0,68328.42105263159,0.015776743899433076,-1.153486054810846
111001013323,17,1644.0,2930.5263157894738,0.5609913793103448,2.4176825333282554
111001013374,17,1140.0,2930.5263157894738,0.38900862068965514,2.051578499100671
111001013676,07,4601.0,115661.05263157895,0.039780028759169264,-0.22865800904709443
111001013811,18,2873.0,56001.05263157895,0.05130260709385162,0.025718566000174192
111001013820,05,1541.0,67218.94736842105,0.022925083779636066,-0.7797913327825432
111001013935,05,1012.0,67218.94736842105,0.015055278900059506,-1.200294318255248
111001014001,14,1324.0,12340.350877192983,0.10729030423656526,0.7635152788634754
111001014028,18,508.0,56001.05263157895,0.009071258059059041,-1.706912045400633
111001014109,07,3971.0,115661.05263157895,0.03433307850525128,-0.37591372807131185
111001014168,04,1789.0,51416.84210526316,0.034794046595422345,-0.36257670812687337
111001014176,04,2143.0,51416.84210526316,0.04167895016992179,-0.18202679616201545
111001014206,06,2152.0,33714.73684210527,0.063829654375722,0.24419487906285386
111001014214,06,2953.0,33714.73684210527,0.08758781104623933,0.5606188395251013
111001014290,08,2115.0,118926.74641148325,0.017784056688830607,-1.0337206411402806
111001014346,09,2214.0,29136.84210526316,0.07598627167630057,0.4185296827034164
111001014451,04,635.0,51416.84210526316,0.012350038897760308,-1.398363792742901
111001014486,19,2583.0,100641.05263157895,0.025665470823876414,-0.6668764646055214
111001014524,19,1855.0,100641.05263157895,0.018431842190588753,-0.9979432826598265
111001014591,18,1874.0,56001.05263157895,0.03346365669818237,-0.401563030180748
111001014630,15,947.0,12265.12585812357,0.07721078535633392,0.4345161485327771
111001014664,18,1823.0,56001.05263157895,0.03255295953083589,-0.4291547183004525
111001014745,16,467.0,20686.315789473687,0.022575310400976996,-0.7951661564532015
111001014826,16,1237.0,20686.315789473687,0.059797984937919796,0.17894895827038937
111001014869,16,662.0,20686.315789473687,0.03200183187461836,-0.4462298581850903
111001014958,18,842.0,56001.05263157895,0.01503543166481833,-1.2016134787367885
111001014974,08,1219.0,118926.74641148325,0.01025000714122199,-1.5847446031393875
111001015172,18,1721.0,56001.05263157895,0.03073156519614293,-0.486732696767576
111001015458,10,1999.0,68328.42105263159,0.029255761646536847,-0.535946471779388
111001015598,08,2631.0,118926.74641148325,0.022122862008658782,-0.8154114515803661
111001015601,08,2294.0,118926.74641148325,0.019289184890864022,-0.9524784349313431
111001015733,18,1208.0,56001.05263157895,0.02157102310106953,-0.840672114484355
111001015814,10,2014.0,68328.42105263159,0.029475289622874042,-0.5284707330012806
111001015903,04,1590.0,51416.84210526316,0.03092371944478565,-0.4804994964213152
111001015911,04,3348.0,51416.84210526316,0.06511485075543545,0.2641296399737736
111001016004,04,964.0,51416.84210526316,0.018748720468410925,-0.9808974970250466
111001016039,05,1795.0,67218.94736842105,0.026703780262457327,-0.6272178671802799
111001016071,08,2563.0,118926.74641148325,0.021551081462634913,-0.8415970062565878
111001016098,08,902.0,118926.74641148325,0.00758450077225778,-1.8859162125580355
111001016101,08,1483.0,118926.74641148325,0.012469861025785242,-1.3887083904827269
111001016136,08,1693.0,118926.74641148325,0.014235653888506013,-1.2562733504875232
111001016250,14,951.0,12340.350877192983,0.07706425931191356,0.432616604911912
111001016292,08,1915.0,118926.74641148325,0.016102349200525112,-1.1330578310059125
111001016314,02,1007.0,3673.684210526316,0.27411174785100284,1.7015128566885296
111001016772,14,1305.0,12340.350877192983,0.10575063974978675,0.7490608621233159
111001017795,10,1781.0,68328.42105263159,0.02606528839043628,-0.6514185229901268
111001018058,18,1914.0,56001.05263157895,0.03417792898629725,-0.3804429209662157
111001018201,06,2628.0,33714.73684210527,0.07794810952574228,0.4440203373856799
111001018252,04,807.0,51416.84210526316,0.015695246284240266,-1.1586651233656435
111001018309,04,954.0,51416.84210526316,0.018554231666871392,-0.9913251201873057
111001018325,04,1165.0,51416.84210526316,0.022657945379355525,-0.7915124256357915
111001018333,04,1628.0,51416.84210526316,0.031662776890635874,-0.4568812450731068
111001018341,04,1239.0,51416.84210526316,0.024097162510748064,-0.7299289100064499
111001018368,04,1931.0,51416.84210526316,0.03755578757728371,-0.28619550920707804
111001018384,04,1197.0,51416.84210526316,0.023280309544282028,-0.7644150860776193
111001019411,06,3584.0,33714.73684210527,0.10630366230603515,0.7542767318759998
111001019526,14,1751.0,12340.350877192983,0.14189223770258744,1.0430448746523737
111001020095,18,1497.0,56001.05263157895,0.026731640382699574,-0.6261751085594871
111001020168,16,2437.0,20686.315789473687,0.11780734785263584,0.8570276395031073
111001020320,19,2662.0,100641.05263157895,0.026450438766224937,-0.6367502587463054
111001020401,14,1319.3333333333333,12340.350877192983,0.10691214102928631,0.7599843798609229
111001020443,04,1249.0,51416.84210526316,0.024291651312287596,-0.721890281510015
111001024643,05,1328.0,67218.94736842105,0.01975633436687651,-0.9285488380662796
111001024660,08,2373.0,118926.74641148325,0.019953459348744693,-0.9186204761848953
111001024686,04,1386.0,51416.84210526316,0.02695614789337919,-0.617811611885744
111001024732,08,6677.0,118926.74641148325,0.05614380449707894,0.1158933312372099
111001024830,12,1256.0,13104.36090225564,0.09584595611860829,0.6507192734876162
111001025020,11,3602.0,96130.62656641605,0.037469848357967385,-0.28848643965589593
111001025216,10,1454.0,68328.42105263159,0.02127957850628543,-0.8542751481863236
111001025313,14,911.0,12340.350877192983,0.07382286039237987,0.38964543962648035
111001026069,14,1569.0,12340.350877192983,0.12714387261870913,0.9332962950995545
111001026964,08,2546.0,118926.74641148325,0.021408136326128948,-0.8482519535033068
111001027251,19,2102.0,100641.05263157895,0.02088610904831135,-0.8729387062644656
111001027308,08,1357.0,118926.74641148325,0.011410385308152781,-1.4774990727857893
111001027324,04,1448.0,51416.84210526316,0.02816197846292429,-0.5740502186899308
111001027332,18,2172.0,56001.05263157895,0.03878498524463826,-0.253989811925289
111001027383,18,2155.0,56001.05263157895,0.03848141952218943,-0.2618474904412671
111001027391,08,6074.0,118926.74641148325,0.05107345641983787,0.021241912985034972
111001028258,12,1285.0,13104.36090225564,0.09805895988249334,0.6735459237887924
111001028266,19,891.0,100641.05263157895,0.008853246033323223,-1.7312388302305526
111001029912,12,1221.0,13104.36090225564,0.09317508950702286,0.6224574005701768
111001029955,01,2398.0,30556.84210526316,0.07847669571807503,0.4507787054522052
111001030015,18,4793.0,56001.05263157895,0.08558767692336611,0.537518306180516
111001030066,04,3141.0,51416.84210526316,0.06108893256356713,0.20030770790305397
111001030821,19,1559.0,100641.05263157895,0.015490696482548715,-1.1717833886435858
111001030830,19,2090.0,100641.05263157895,0.020766873411498916,-0.8786639127425055
111001030848,19,2608.0,100641.05263157895,0.025913878400568986,-0.6572443346548185
111001030856,14,1552.0,12340.350877192983,0.1257662780779073,0.9224022431096857
111001030864,04,1098.0,51416.84210526316,0.021354870409040657,-0.8507431695661167
111001030872,05,2070.0,67218.94736842105,0.03079488865921263,-0.48467428184324435
111001032255,12,1628.0,13104.36090225564,0.12423345267603048,0.9101394730219576
111001032280,04,1540.0,51416.84210526316,0.02995127543708799,-0.5124510962279176
111001032395,18,662.0,56001.05263157895,0.011821206368301349,-1.4421279370421067
111001032409,03,1331.0,10369.473684210527,0.12835752715460358,0.9427965457058729
111001032433,04,987.0,51416.84210526316,0.019196044711951847,-0.9573187522021107
111001032450,06,1936.0,33714.73684210527,0.05742296044209934,0.1384212256177011
111001033898,08,2213.0,118926.74641148325,0.0186080933581003,-0.9884263925696093
111001033901,02,1849.0,3673.684210526316,0.5033094555873926,2.3091821953570926
111001033979,10,2118.0,68328.42105263159,0.030997350258811927,-0.4781212801184367
111001034002,10,463.0,68328.42105263159,0.006776096869608084,-1.998621752193554
111001034011,04,927.0,51416.84210526316,0.018029111902714653,-1.0200352260697376
111001034045,08,1402.0,118926.74641148325,0.011788769493021517,-1.4448756650261232
111001034134,18,927.0,56001.05263157895,0.01655326027706246,-1.10543992741326
111001034240,19,2780.0,100641.05263157895,0.02762292252821387,-0.5933770510166796
111001034665,02,634.0,3673.684210526316,0.17257879656160457,1.2388309184071933
111001034754,19,1644.0,100641.05263157895,0.016335282243303453,-1.1186956820852374
111001035521,10,822.0,68328.42105263159,0.012030133103278284,-1.4246084112236086
111001035530,04,4477.0,51416.84210526316,0.08707263644924866,0.5547196666053731
111001035572,19,2952.0,100641.05263157895,0.029331966655858757,-0.5333450719809991
111001035602,04,2451.0,51416.84210526316,0.04766920525733939,-0.04773740810747995
111001036544,03,1450.0,10369.473684210527,0.1398335194396508,1.0284295627253812
111001036561,19,1099.0,100641.05263157895,0.010919997071405412,-1.5214273032977403
111001036625,10,1172.0,68328.42105263159,0.017152452551146165,-1.0698818361428306
111001036765,18,2268.0,56001.05263157895,0.04049923873611398,-0.21073982813147252
111001036781,19,4029.0,100641.05263157895,0.04003336505977471,-0.2223097725100147
111001041475,08,2655.0,118926.74641148325,0.02232466690725544,-0.8063307989446198
111001041556,05,1117.0,67218.94736842105,0.016617338469729712,-1.1015763690334581
111001041611,18,2084.0,56001.05263157895,0.037213586210785514,-0.29534909010585775
111001044385,19,3156.0,100641.05263157895,0.03135897248167013,-0.4665225757355973
111001044806,01,1496.0,30556.84210526316,0.04895793861311103,-0.021061471600831716
111001045225,11,4238.0,96130.62656641605,0.04408584601362181,-0.12588422656355291
111001045535,16,1270.0,20686.315789473687,0.061393242418074485,0.20527676533053807
111001045705,05,1601.0,67218.94736842105,0.023817689248019042,-0.7415944551059441
111001045730,19,2528.0,100641.05263157895,0.025118974155152757,-0.6883995024346143
111001046299,10,1683.0,68328.42105263159,0.02463103894503327,-0.7080156120889822
111001046477,07,3963.0,115661.05263157895,0.0342639108829793,-0.37793036601212826
111001046485,05,1436.0,67218.94736842105,0.021363024209965862,-0.8503614184944897
111001046591,07,1887.0,115661.05263157895,0.016314912903401955,-1.119943413834013
111001046621,04,1094.0,51416.84210526316,0.021277074888424844,-0.8543928086536661
111001046931,05,1368.0,67218.94736842105,0.020351404679131824,-0.898873069920163
111001046957,01,2958.0,30556.84210526316,0.0968031968031968,0.6606570131354905
111001047571,19,2734.0,100641.05263157895,0.02716585258709954,-0.6100622404174674
111001065056,16,1426.0,20686.315789473687,0.06893445959698757,0.32113318685214276
111001065234,05,1176.0,67218.94736842105,0.017495067180306304,-1.0501040396440868
111001075272,11,3124.0,96130.62656641605,0.03249744760418937,-0.4308614544322209
111001075329,19,3176.0,100641.05263157895,0.03155769854302419,-0.4602054353343359
111001075515,11,2481.0,96130.62656641605,0.02580863236427459,-0.6613139816999962
111001075663,19,2112.0,100641.05263157895,0.02098547207898838,-0.8681926128752102
111001075736,06,1142.0,33714.73684210527,0.03387242811202348,-0.38942165200286594
111001075752,19,997.0,100641.05263157895,0.009906494158499722,-1.6188324877395242
111001075957,06,2351.0,33714.73684210527,0.0697321177682725,0.3326380063212482
111001076376,18,4075.0,56001.05263157895,0.07276648935170392,0.3752325326958479
111001076767,08,3545.0,118926.74641148325,0.029808265230214893,-0.5172372936544312
111001076937,19,3792.0,100641.05263157895,0.03767846123272914,-0.28293439432644973
111001077895,05,2638.0,67218.94736842105,0.039244887093238125,-0.24220183482539914
111001077917,05,1325.0,67218.94736842105,0.01971170409345736,-0.9308104296823365
111001078638,05,1388.0,67218.94736842105,0.02064893983525948,-0.8843590270359094
111001079154,08,2036.0,118926.74641148325,0.017119782230949936,-1.0717883549502454
111001083011,05,3061.0,67218.94736842105,0.045537755645338095,-0.09348122915724666
111001086584,19,2272.0,100641.05263157895,0.022575280569820833,-0.7951674778603204
111001086606,07,1142.0,115661.05263157895,0.00987367807932434,-1.622150568986608
111001086614,05,2234.0,67218.94736842105,0.033234676939459425,-0.40842918847351317
111001086631,06,1203.0,33714.73684210527,0.035681725935870615,-0.3373843262441425
111001086649,08,2065.0,118926.74641148325,0.017363629816754232,-1.057645227225526
111001086665,11,3637.0,96130.62656641605,0.03783393627926912,-0.27881652040480853
111001086681,01,3139.0,30556.84210526316,0.10272658376106651,0.720047926706699
111001086720,15,1293.0,12265.12585812357,0.10542085054460378,0.7459374341185563
111001086771,08,3099.0,118926.74641148325,0.02605805753129364,-0.6516959748329105
111001086789,04,820.0,51416.84210526316,0.015948081726241656,-1.1426844513772934
111001086801,19,5167.0,100641.05263157895,0.051340877950820527,0.026464270585822458
111001086835,19,5603.0,100641.05263157895,0.05567310608833896,0.10747418986392221
111001092410,19,2705.0,100641.05263157895,0.02687769979813616,-0.6207260664207803
111001092983,11,2397.0,96130.62656641605,0.02493482135315042,-0.6957577309574132
111001093084,11,3667.0,96130.62656641605,0.0381460116403849,-0.2706017973204715
111001094439,05,2201.0,67218.94736842105,0.03274374393184879,-0.4233110865761973
111001094889,11,2853.0,96130.62656641605,0.029678366842110202,-0.5216046141782975
111001094897,13,1428.0,3373.684210526316,0.4232761310452418,2.1360017527111994
111001094901,03,435.0,10369.473684210527,0.04195005583189524,-0.1755432416005549
111001096555,19,2091.0,100641.05263157895,0.02077680971456662,-0.8781855582727287
111001098612,01,1387.0,30556.84210526316,0.04539081608047125,-0.09671320982042264
111001098817,04,1223.0,51416.84210526316,0.023785980428284812,-0.7429266559484202
111001098825,04,1283.0,51416.84210526316,0.024952913237522006,-0.6950324270199562
111001098833,05,1927.0,67218.94736842105,0.02866751229289987,-0.5562584996882927
111001098841,05,1172.0,67218.94736842105,0.01743556014908077,-1.0535111979657015
111001098850,05,1236.0,67218.94736842105,0.01838767264868928,-1.0003425300850228
111001098876,07,1144.0,115661.05263157895,0.009890969984892336,-1.6204007872628199
111001098884,07,1086.0,115661.05263157895,0.009389504723420521,-1.6724304587086825
111001098892,08,1714.0,118926.74641148325,0.01441223317477809,-1.2439456334629333
111001098906,08,2003.0,118926.74641148325,0.01684230049537953,-1.0881293969548405
111001098922,10,1328.0,68328.42105263159,0.019435543505052992,-0.9449194762434092
111001098931,10,1203.0,68328.42105263159,0.017606143702243036,-1.0437750903051097
111001098949,11,1660.0,96130.62656641605,0.01726816998173955,-1.0631580840412087
111001098965,18,1225.0,56001.05263157895,0.021874588823518355,-0.826697370000288
111001098973,19,982.0,100641.05263157895,0.009757449612484181,-1.6339919493468966
111001100013,19,1259.0,100641.05263157895,0.012509805562237864,-1.3855102236570151
111001100021,19,1174.0,100641.05263157895,0.011665219801483124,-1.4554112573133202
111001100030,03,1503.0,10369.473684210527,0.14494467566744493,1.0643291170637357
111001100048,08,2632.0,118926.74641148325,0.02213127054610031,-0.815031440175451
111001100056,07,1726.0,115661.05263157895,0.014922914505178471,-1.20912508755919
111001100064,07,1444.0,115661.05263157895,0.012484755820091373,-1.3875146397497917
111001100072,07,1635.0,115661.05263157895,0.014136132801834763,-1.263288875871209
111001100081,05,1364.0,67218.94736842105,0.02029189764790629,-0.9018013296992518
111001102008,05,1770.0,67218.94736842105,0.026331861317297756,-0.6412433425347843
111001102016,04,757.0,51416.84210526316,0.014722802276542603,-1.2226255381981432
111001102091,18,1650.0,56001.05263157895,0.029463731884739008,-0.5288629260844893
111001102199,09,1964.0,29136.84210526316,0.06740606936416184,0.2987120583492455
111001104035,10,459.0,68328.42105263159,0.006717556075918165,-2.007298596219243
111001104043,11,1576.0,96130.62656641605,0.01639435897061538,-1.1150856949739727
111001104051,07,1432.0,115661.05263157895,0.012381004386683412,-1.3958596116819728
111001104183,07,3564.0,115661.05263157895,0.030814175722164584,-0.48404817061186334
111001104256,11,2521.0,96130.62656641605,0.02622473284576229,-0.6453200382038777
111001104264,11,3682.0,96130.62656641605,0.038302049320942784,-0.26651960359877425
111001104272,09,2340.0,29136.84210526316,0.0803106936416185,0.4738797777865815
111001104299,07,3410.0,115661.05263157895,0.029482698993429077,-0.5282193889250006
111001104302,07,3657.0,115661.05263157895,0.031618249331076285,-0.45828854105318184
111001104337,05,1828.0,67218.94736842105,0.027194713270067963,-0.6090004160885636
111001104345,05,2927.0,67218.94736842105,0.043544270099282786,-0.13824488141077307
111001104353,05,2436.0,67218.94736842105,0.036239782016348775,-0.3218655392728711
111001104388,11,2831.0,96130.62656641605,0.029449511577291965,-0.5293456802798979
111001104558,08,2982.0,118926.74641148325,0.025074258650634926,-0.6901812372959752
111001106950,07,3493.0,115661.05263157895,0.03020031307450081,-0.5041707143957312
111001106968,07,3764.0,115661.05263157895,0.03254336627896394,-0.429449458497293
111001106984,08,3701.0,118926.74641148325,0.031119997071093176,-0.47417240023450313
111001107069,11,2254.0,96130.62656641605,0.023447262131831893,-0.7572692707920758
111001107077,11,3237.0,96130.62656641605,0.03367293146439212,-0.39532871146555326
111001107743,01,2492.0,30556.84210526316,0.08155292982879189,0.4892292497720896
111001107778,08,2754.0,118926.74641148325,0.02315711211396666,-0.7697210533320589
111001107786,11,2367.0,96130.62656641605,0.024622745992034647,-0.7083523558778135
111001107794,18,1859.0,56001.05263157895,0.03319580459013928,-0.4095995052576713
111001107816,19,3925.0,100641.05263157895,0.038999989540733616,-0.24846162748485323
111001107832,07,2206.0,115661.05263157895,0.019072971841496932,-0.9637507593891157
111001107859,19,2912.0,100641.05263157895,0.028934514533150647,-0.5469878483847856
111001107867,07,3390.0,115661.05263157895,0.02930977993774914,-0.5341017588280672
111001107875,07,6997.0,115661.05263157895,0.060495731629625585,0.19054980554333323
111001107883,08,3098.0,118926.74641148325,0.026049648993852113,-0.6520187116438447
111001108456,10,2208.0,68328.42105263159,0.0323145181168351,-0.4365063988828024
111001108901,10,3033.0,68328.42105263159,0.04438855681538082,-0.11904129859120705
111001109550,10,2777.0,68328.42105263159,0.04064194601922602,-0.2072223189729887
111001110477,08,1942.0,118926.74641148325,0.01632937971144635,-1.119057083769389
111001800091,09,2783.0,29136.84210526316,0.09551481213872831,0.6472583309607249
111001800163,11,964.0,96130.62656641605,0.01002802160385357,-1.6066396707812518
111001800384,07,1387.0,115661.05263157895,0.011991936511403557,-1.4277885388877318
111001800392,07,592.0,115661.05263157895,0.005118404048126104,-2.2791803243185575
111001800414,19,1553.0,100641.05263157895,0.015431078664142497,-1.1756394345526755
111001800422,19,2148.0,100641.05263157895,0.02134317898942568,-0.8512908020726067
111001800431,08,682.0,118926.74641148325,0.005734622535121737,-2.1655010747771963
111001800457,07,1816.0,115661.05263157895,0.015701050255738182,-1.1582954000413248
111001800554,08,715.0,118926.74641148325,0.006012104270692143,-2.118248189926651
111001800562,05,748.0,67218.94736842105,0.011127814839174419,-1.5025751901281814
111001800571,19,1178.0,100641.05263157895,0.011704965013753935,-1.4520098934898304
111001800635,19,1163.0,100641.05263157895,0.011555920467738392,-1.464825105182698
111001800643,07,1179.0,115661.05263157895,0.010193578332332223,-1.5902650586651927
111001800660,05,578.0,67218.94736842105,0.008598766012089323,-1.7604042994302813
111001800678,07,1165.0,115661.05263157895,0.010072534993356268,-1.6022105932027624
111001800694,07,1155.0,115661.05263157895,0.0099860754655163,-1.6108313362466693
111001800813,11,1503.0,96130.62656641605,0.015634975591900326,-1.1625125756388228
111001801047,04,1066.0,51416.84210526316,0.020732506244114154,-0.8803201869098025
111001801055,10,1349.0,68328.42105263159,0.019742882671925064,-0.9292299500720325
111001801071,10,1340.0,68328.42105263159,0.019611165886122748,-0.9359239133348312
111001801080,07,3109.0,115661.05263157895,0.02688026720544604,-0.6206305491438093
111001801098,07,2397.0,115661.05263157895,0.02072434882324032,-0.8807137247681789
111001801101,07,2361.0,115661.05263157895,0.020413094523016435,-0.8958464221170503
111001801241,08,1621.909090909091,118926.74641148325,0.013637883317662879,-1.2991715470443261
111001801250,11,2811.8571428571427,96130.62656641605,0.029250377775437136,-0.5361305164341235
111001801268,08,2463.5,118926.74641148325,0.02071443198720293,-0.881192350636641
111001801276,19,248.0,100641.05263157895,0.0024642031607903024,-3.01015451153638
111001801314,19,973.0,100641.05263157895,0.009668022884874856,-1.6431991755153574
111001801349,11,2793.2380952380954,96130.62656641605,0.02905669290845894,-0.5427741559485169
111102000265,07,3006.0,115661.05263157895,0.02598973406869437,-0.6543213888896435
111102000281,07,3274.0,115661.05263157895,0.02830684941480551,-0.5689192012714832
111102000621,07,1459.0,115661.05263157895,0.012614445111851325,-1.3771804106797778
111102000753,07,5810.0,115661.05263157895,0.05023298567502139,0.004648890643393688
111102000958,07,2074.0,115661.05263157895,0.017931706074009356,-1.025452570413091
111265000017,10,1419.0,68328.42105263159,0.020767346561498642,-0.8786411291197456
111265000025,10,4379.0,68328.42105263159,0.06408753389203845,0.24822686052161025
111265000343,10,1882.0,68328.42105263159,0.027543443431106724,-0.5962584861344635
111265000394,10,1608.0,68328.42105263159,0.0235333990633473,-0.7536023565408767
111265000408,10,1451.0,68328.42105263159,0.02123567291101799,-0.8563405533956003
111279000061,09,2538.0,29136.84210526316,0.08710621387283236,0.5551052177091673
111279000125,09,3412.0,29136.84210526316,0.11710260115606935,0.851027478046404
111279000168,09,3301.0,29136.84210526316,0.11329299132947976,0.8179543012880273
111279000184,09,1138.0,29136.84210526316,0.039057080924855485,-0.2469988158788894
111279000362,09,2538.0,29136.84210526316,0.08710621387283236,0.5551052177091673
111279000966,09,4120.0,29136.84210526316,0.14140173410404624,1.0395820117784065
111279001296,09,1332.0,29136.84210526316,0.04571531791907514,-0.08958957946483137
111769000174,11,2212.0,96130.62656641605,0.02301035662626981,-0.7760786027495721
111769000247,11,3681.0,96130.62656641605,0.038291646808905594,-0.2667912320127761
111769000956,11,1624.0,96130.62656641605,0.01689367954840062,-1.085083444670174
111769001502,11,1592.0,96130.62656641605,0.01656079916321046,-1.104984598987469
111769001871,11,1741.0,96130.62656641605,0.018110773456752143,-1.0155160256236084
111769003122,11,2220.0,96130.62656641605,0.02309357672256735,-0.7724684905254722
111769003360,11,5687.0,96130.62656641605,0.059159085955513745,0.1682071819150024
111769003416,11,4080.0,96130.62656641605,0.0424422491117454,-0.16387869799359
111769003424,11,6708.0,96130.62656641605,0.0697800507454873,0.3333251575513021
111848002107,11,1899.0,96130.62656641605,0.019754370358628558,-0.9286482545795116
111848002522,01,2184.0,30556.84210526316,0.07147335423197491,0.3573017067295412
111848002662,01,2184.0,30556.84210526316,0.07147335423197491,0.3573017067295412
111848002671,01,1397.0,30556.84210526316,0.045718075028419854,-0.08952927087829243
111848002689,01,2812.0,30556.84210526316,0.0920252161631472,0.6100396227953011
111848003031,01,2381.0,30556.84210526316,0.0779203555065624,0.44366421635160824
111848003910,01,1137.0,30556.84210526316,0.037209342381756175,-0.29546313638471844
111850000740,05,2374.0,67218.94736842105,0.03531742303235303,-0.3476465929330459
111850001380,05,831.0,67218.94736842105,0.0123625857371042,-1.3973483732472105
111850001428,05,3460.0,67218.94736842105,0.051473582010084874,0.029045699949111103
111850001461,05,989.0,67218.94736842105,0.0147131134705127,-1.2232838364799465
111850001576,05,2421.0,67218.94736842105,0.03601663064925303,-0.3280422111646004
211001027485,03,218.0,10369.473684210527,0.02102324637092681,-0.8663942099001498
211102000201,07,2063.0,115661.05263157895,0.01783660059338539,-1.0307704461313114
211102000243,07,4533.0,115661.05263157895,0.03919210396985748,-0.24354770826171412
211102000995,07,1421.0,115661.05263157895,0.012285898906059448,-1.4035708311054624
211850000051,05,1715.0,67218.94736842105,0.025513639637946693,-0.6728098085026186
211850000787,05,1192.0,67218.94736842105,0.017733095305208432,-1.0365903204773637
211850000876,05,520.0,67218.94736842105,0.007735914059319114,-1.866149356527186
211850000981,05,757.0,67218.94736842105,0.011261705659431864,-1.4906149146652106
211850001121,19,1042.0,100641.05263157895,0.01035362779654635,-1.57468603538805
211850001171,19,1460.0,100641.05263157895,0.014507002478846134,-1.2373915429989801
211850001317,19,1711.0,100641.05263157895,0.017001014548839545,-1.078749983809169
211850001481,05,3043.0,67218.94736842105,0.0452699740048232,-0.09937901820568795
311001026441,03,791.0,10369.473684210527,0.07628159577707846,0.42240869507841516
311001087547,12,1465.142857142857,13104.36090225564,0.1118057468098779,0.8047399565646103
311001105944,15,1881.8695652173913,12265.12585812357,0.15343255234278505,1.1212380666169945
