id_establecimiento,nombre,localidad,direccion,lat_orig,lon_orig,lat_google,lon_google,location_type,formatted_address,status
111001086681,COLEGIO NUEVO HORIZONTE (IED),Usaquén,KR 5 B # 189 B - 30,4.76685000042591,-74.0258200004085,4.7628989,-74.02310829999999,ROOFTOP,"Cra. 3 # 186, Bogotá, Colombia",OK
111001107743,COLEGIO SALUDCOOP NORTE (IED),Usaquén,CL 181 # 18 B - 83,4.7580500000713615,-74.04041999981935,4.7580285,-74.0405804,ROOFTOP,"Cl. 181 #18b-82, Bogotá, Colombia",OK
111848002522,INSTITUTO PEDAGOGICO NACIONAL,Usaquén,AC 127 # 11 - 20,4.704169999942455,-74.03478000007156,4.704329899999999,-74.0341376,ROOFTOP,"Ac 127 #11, Bogotá, Colombia",OK
111848002689,COLEGIO DIVINO MAESTRO (IED),Usaquén,KR 8 C # 163 B - 20,4.739960000105052,-74.02774000020797,,,,,REQUEST_DENIED
111001044806,COLEGIO FRIEDRICH NAUMANN (IED),Usaquén,AK 7 # 171 B - 26,4.749210000198098,-74.02321000014771,4.749147499999999,-74.0228138,ROOFTOP,"Cl. 171b #6 B 19, Usaquén, Bogotá, Colombia",OK
111001016314,COLEGIO SIMON RODRIGUEZ (IED),Chapinero,CL 69 # 11 - 27,4.654350000248156,-74.06124999988022,4.6544243,-74.06136959999999,ROOFTOP,"Cl. 69 #11-1, Bogotá, Colombia",OK
111001094901,COLEGIO MANUEL ELKIN PATARROYO (IED),Santa Fé,CL 32 A # 3 C - 37,4.6176800004189555,-74.0645699997955,4.6176995,-74.0646271,GEOMETRIC_CENTER,"Cl. 32a, Bogotá, Colombia",OK
111001020443,COLEGIO ENTRE NUBES SUR ORIENTAL (IED),San Cristóbal,CL 43 B SUR # 1 D - 03 ESTE,4.548030000019246,-74.09750999955537,4.5479274,-74.097112,ROOFTOP,"Cl. 48 Sur #2 Este27, Bogotá, Colombia",OK
111001024686,COLEGIO MORALBA SURORIENTAL (IED),San Cristóbal,CL 43 SUR TV 16 ESTE -- KR 16 A ESTE # 42 C - 80 SUR,4.541510000061765,-74.08055000012898,4.545347,-74.0806812,APPROXIMATE,"Moralba, San Cristóbal, Bogota, Colombia",OK
111001030864,COLEGIO ALEMANIA UNIFICADA (IED),San Cristóbal,CL 37 SUR # 1 F - 00 ESTE,4.555880000315623,-74.09507000007221,4.555863200000001,-74.0969464,GEOMETRIC_CENTER,"Cra. 1f #36n Sur-2 a 36n Sur-34,, Bogotá, Colombia",OK
111001034011,COLEGIO JUAN REY (IED),San Cristóbal,CL 70 SUR # 13 B - 27 ESTE,4.522560000184006,-74.08988999973364,4.5225588,-74.0900195,ROOFTOP,"Calle 70 Sur # 13 B-27 Este, Usme, Bogotá, Colombia",OK
111001012033,COLEGIO VEINTE DE JULIO (IED),San Cristóbal,KR 7 A  # 24 - 01 SUR  --  KR 7 # 24 - 01 SUR,4.571159999709393,-74.09394000029317,4.5717265,-74.0962383,ROOFTOP,"Cl. 26 Sur #8-50, Bogotá, Colombia",OK
111001012301,COLEGIO SAN JOSE SUR ORIENTAL (IED),San Cristóbal,CL 42 SUR # 12 A - 66 ESTE,4.546309999984019,-74.08422999989435,4.546387999999999,-74.0842775,GEOMETRIC_CENTER,"Calle 42 Sur #12a Este-2 a 12a Este-98,, San Cristóbal, Bogotá, Bogotá D.C., Colombia",OK
111001015903,COLEGIO MONTEBELLO (IED),San Cristóbal,CL 26 SUR # 2 - 44 ESTE  --  CL 24 A SUR # 1 A - 95 ESTE,4.566780000207539,-74.08802000016287,4.5636578,-74.0895716,ROOFTOP,"37 ESTE, Cl. 28 Sur #1A, San Cristóbal, Bogotá, Colombia",OK
111001015911,COLEGIO LOS ALPES (IED),San Cristóbal,KR 12 ESTE # 33 A - 80 SUR,4.552699999851304,-74.08474000043061,4.5526688,-74.08475829999999,ROOFTOP,"Tv. 12 Este #33 A 80, Bogotá, Colombia",OK
111001016004,COLEGIO LA BELLEZA LOS LIBERTADORES (IED),San Cristóbal,CL 64 SUR # 10 A - 39 ESTE,4.53044000034854,-74.09219000037302,,,,,REQUEST_DENIED
111001018252,COLEGIO JOSE MARIA CARBONELL (IED),San Cristóbal,KR 4 # 0 - 43,4.559330000415492,-74.10093999997379,4.5835573,-74.0796584,ROOFTOP,"Cra 4 #0 Sur45, Bogotá, Colombia",OK
111001018309,COLEGIO ATENAS (IED),San Cristóbal,CL 36 H SUR # 2 - 15 ESTE  --  KR 1 # 36 H - 12 SUR MJ,4.55684999995353,-74.09374000027663,4.55678,-74.0934691,ROOFTOP,"Dg. 34 Sur #2A-05, Este, Bogotá, Colombia",OK
111001018325,COLEGIO JOSE JOAQUIN CASTRO MARTINEZ (IED),San Cristóbal,CL 31 D BIS SUR # 2 - 24 ESTE,4.559769999704589,-74.0929000000275,4.5596032,-74.09315509999999,GEOMETRIC_CENTER,"Bogota, San Cristóbal, Bogotá, Colombia",OK
111001018333,COLEGIO EL RODEO (IED),San Cristóbal,CL 40 A SUR # 2 - 56 ESTE,4.55130999996735,-74.09523999995153,4.5513562,-74.0952891,ROOFTOP,"Cl. 40a Sur #2-56 Este, San Cristóbal, Bogotá, Cundinamarca, Colombia",OK
111001018341,COLEGIO FRANCISCO JAVIER MATIZ (IED),San Cristóbal,KR 2 A # 29 A - 29 SUR,4.565210000556624,-74.09339999961969,4.5659225,-74.09498839999999,ROOFTOP,"Cra. 3b #30A-42S, San Cristóbal, Bogotá, Colombia",OK
111001035602,COLEGIO JUAN EVANGELISTA GOMEZ (IED),San Cristóbal,DG 39 SUR # 2 - 00 ESTE,4.552060000283302,-74.09562999993886,4.5521082,-74.095721,ROOFTOP,"Dg. 39 Sur #2 Este, Bogotá, Colombia",OK
111001046621,COLEGIO NUEVA DELHI (IED),San Cristóbal,CL 62 A SUR # 14 I - 33 ESTE,4.528330000127482,-74.08607000022619,4.5285382,-74.0875578,GEOMETRIC_CENTER,"Diagonal 60 B sur #14I -33 Este,, Bogotá, Colombia",OK
111001086789,COLEGIO RAFAEL NUÑEZ (IED),San Cristóbal,KR 9 A # 18 - 74 SUR,4.5762599999619304,-74.09320999964888,4.5762182,-74.0932181,ROOFTOP,"Cra. 9 #18-74, Bogotá, Colombia",OK
111001098825,COLEGIO SAN VICENTE (IED),San Cristóbal,KR 6 ESTE # 33 - 30 SUR,4.555239999994948,-74.08830999969278,4.5552507,-74.0881883,ROOFTOP,"Cra. 87i #70-53, Bogotá, Colombia",OK
111001104337,COLEGIO EDUARDO UMAÑA MENDOZA (IED),Usme,CL 111 A BIS SUR # 4 A - 41 ESTE,4.490119999816906,-74.11343999966013,4.4899025,-74.1131588,GEOMETRIC_CENTER,"Calle 111 sur N° 4 B - 07 Este, Bogotá, Colombia",OK
111001104345,COLEGIO DIEGO MONTAÑA CUELLAR (IED),Usme,TV 6 B # 100 C - 55 SUR,4.496750000311392,-74.11510000006693,4.4972862,-74.11482,GEOMETRIC_CENTER,"Usme, Bogotá, Colombia",OK
111001104353,COLEGIO CIUDAD DE VILLAVICENCIO (IED),Usme,KR 6 H ESTE # 114 - 88 SUR,4.485460000589956,-74.10444999985985,4.4870675,-74.10255699999999,ROOFTOP,"Cra. 6h Este #88, Bogotá, Colombia",OK
111001107760,COLEGIO PAULO FREIRE (IED),Usme,KR 11 # 65 C - 50 SUR,4.532590000241806,-74.11613000028686,4.5330409,-74.1169989,ROOFTOP,"Cra. 11 #65D 50 Sur, Usme, Bogotá, Cundinamarca, Colombia",OK
111001800562,COLEGIO JOSE EUSTASIO RIVERA (IED),Usme,KR 14 B # 136 - 22 SUR,4.474960000450111,-74.12309999983025,4.474614,-74.12317399999999,ROOFTOP,"Dg. 136 Bis Sur #14-98, Usme, Bogotá, Cundinamarca, Colombia",OK
111001013935,COLEGIO SANTA MARTHA (IED),Usme,CL 69 D SUR # 8 B - 63,4.525309999888542,-74.11562999979635,4.5253972,-74.1156527,GEOMETRIC_CENTER,"Cra. 1b Bis Este, Bogotá, Colombia",OK
111001016039,COLEGIO ORLANDO FALS BORDA (IED),Usme,KR 12 # 72 - 60 SUR,4.518860000343001,-74.12112999980206,4.519487199999999,-74.1159103,GEOMETRIC_CENTER,"Cra. 1b Este #72 Sur-41 a 72 Sur-79, Bogotá, Colombia",OK
111001044270,COLEGIO LOS COMUNEROS - OSWALDO GUAYASAMIN (IED),Usme,KR 4 G ESTE # 94 A - 23 SUR,4.498520000045551,-74.10871999962909,4.4985928,-74.1088098,GEOMETRIC_CENTER,"Cl. 94a Sur, Bogotá, Colombia",OK
111001045705,COLEGIO LA AURORA (IED),Usme,TV 3 B # 70 A - 16 SUR,4.523320000159878,-74.12230999980983,4.5213725,-74.1208717,ROOFTOP,"Kr 14L #7103, Bogotá, Colombia",OK
111001046485,COLEGIO NUEVO SAN ANDRES DE LOS ALTOS (IED),Usme,CL 69 SUR # 2 B - 15,4.525330000317049,-74.120040000206,4.5252427,-74.11983839999999,ROOFTOP,"Cl. 69a Sur #1-7, Bogotá, Colombia",OK
111001046931,COLEGIO ATABANZHA (IED),Usme,CL 92 SUR # 2 - 43,4.5068300003647,-74.11676999962114,4.507628299999999,-74.1179898,ROOFTOP,"Cl. 92 Sur #2-43, Bogotá, Colombia",OK
111001065234,COLEGIO USMINIA (IED),Usme,KR 9 A  # 103 A  - 17 SUR,4.495040000066318,-74.11722999992867,4.495134699999999,-74.1172071,GEOMETRIC_CENTER,"Usme, Bogotá, Colombia",OK
111001077917,COLEGIO BRASILIA - USME (IED),Usme,KR 1 BIS B ESTE # 73 B - 97 SUR,4.517930000183883,-74.11478000039979,4.5174459,-74.1163275,ROOFTOP,"Cl. 73b Sur #1 a 73b, Bogotá, Colombia",OK
111001083011,COLEGIO MIGUEL DE CERVANTES SAAVEDRA (IED),Usme,KR 1 A # 76 BIS - 15 SUR,4.51231999987502,-74.10580999979267,4.5125411,-74.117047,ROOFTOP,"Calle 7 #666, Usme, Soacha, Bogotá, Cundinamarca, Colombia",OK
111001086614,COLEGIO CHUNIZA (IED),Usme,KR 1 G ESTE # 84 A - 42 SUR,4.506360000550744,-74.11089999971956,4.5059407,-74.1112943,ROOFTOP,"Cra. 1g Este #84a Sur-42, Bogotá, Colombia",OK
111001098841,COLEGIO SAN JOSE DE USME (IED),Usme,CL 97 SUR # 14 B - 05,4.501750000411714,-74.1183299995705,4.501595399999999,-74.118451,ROOFTOP,"A #, Cl. 96 Sur #11, Usme, Bogotá, Colombia",OK
211001032501,COLEGIO GABRIEL GARCIA MARQUEZ (IED),Usme,CL 83 SUR # 13 - 33 ESTE,4.50499999996814,-74.09100000031951,4.503742799999999,-74.09144189999999,ROOFTOP,"81 Sur, Usme, Bogotá, Colombia",OK
111001009652,COLEGIO CENTRO INTEGRAL JOSE MARIA CORDOBA (IED),Tunjuelito,DG 48 B SUR # 24 B - 73,4.578610000151233,-74.1313199997016,4.5778207,-74.1313498,ROOFTOP,"Dg 48b Sur #24a73, Bogotá, Colombia",OK
211850000931,COLEGIO BRAZUELOS (IED),Usme,CL 104 SUR # 14 - 90,4.494940000016838,-74.11988000037242,4.4949598,-74.1199201,ROOFTOP,"Cl. 104 Sur #1b-81, Bogotá, Colombia",OK
111001002909,COLEGIO CARLOS ALBAN HOLGUIN (IED),Bosa,CL 72 SUR # 79 D - 33,4.605169999766638,-74.1969499998744,4.599705999999999,-74.1976683,ROOFTOP,"Dg. 71c Bis ASur #15, Bogotá, Colombia",OK
111001012271,COLEGIO RAFAEL URIBE URIBE (IED),Tunjuelito,KR 25 # 47 - 02 SUR,4.580019999783634,-74.12892000040142,4.5799572,-74.1287873,ROOFTOP,"Cra. 25 #47Sur-02, Bogotá, Colombia",OK
111001014214,COLEGIO CIUDAD DE BOGOTA (IED),Tunjuelito,KR 25 # 53 B - 32 SUR,4.577490000006109,-74.13840999979392,4.5770938,-74.1381701,ROOFTOP,"Cra. 25 #53b Sur-32, Bogotá, Colombia",OK
111001019411,COLEGIO INEM SANTIAGO PEREZ (IED),Tunjuelito,KR 24 # 48 C  - 86 SUR,4.576110000183237,-74.13200000011717,4.5831615,-74.1320337,ROOFTOP,"Cl. 48b Sur #2856, Bogotá, Colombia",OK
111001075736,COLEGIO ISLA DEL SOL (IED),Tunjuelito,CL 67 B SUR # 63 - 15,4.58942999990099,-74.15247000032794,4.5908475,-74.14564519999999,GEOMETRIC_CENTER,"Diagonal 51Bis Sur No. 60-34, Bogotá, Colombia",OK
111001075957,COLEGIO SAN CARLOS (IED),Tunjuelito,KR 18 # 56 A - 45 SUR,4.564420000054832,-74.13234999992154,4.5980615,-74.08853959999999,ROOFTOP,"Cra. 18 #5-6, Bogotá, Colombia",OK
111001086631,COLEGIO SAN BENITO ABAD (IED),Tunjuelito,CL 58 SUR # 19 B - 67,4.566639999876292,-74.13709000004407,4.5666364,-74.13723159999999,ROOFTOP,"Cl. 58 Sur #67 No. 19 B, Bogotá, Colombia",OK
111001010031,COLEGIO CEDID SAN PABLO (IED),Bosa,KR 77 L # 65 J - 73 SUR,4.599630000502337,-74.1874300003447,4.5997771,-74.1873564,ROOFTOP,"Cl. 66 Sur #78-2, Bogotá, Colombia",OK
111001013676,COLEGIO NUEVO CHILE (IED),Bosa,CL 56 SUR # 72 G - 20,4.603339999767356,-74.1662100002965,4.6032706,-74.1658289,ROOFTOP,"Cl. 56 Sur #72G - 20, Bogotá, Colombia",OK
111001800643,COLEGIO DE LA BICI (IED),Bosa,KR 81 A # 58 J - 45 SUR,4.613730000212795,-74.18234999956523,4.6137795,-74.1830916,ROOFTOP,"Cra. 81a #5861, Bosa, Bogotá, Colombia",OK
111001801101,COLEGIO LAURA HERRERA DE VARELA (IED),Bosa,KR 88 I # 54 F - 17 SUR,4.630059999965399,-74.1865299998211,4.631512799999999,-74.1875817,ROOFTOP,"Colombia, Bogotá, カレーラ 89b 54f Sur",OK
111001041599,COLEGIO MOTORISTA (CED),Bosa,CL 57 N BIS SUR # 75 F - 27  --  CL 57 Ñ SUR # 75 F - 27,4.597890000591439,-74.17561000017561,4.597859,-74.17560569999999,ROOFTOP,"Cl. 57n Bis Sur #75f27, Bogotá, Colombia",OK
111001046477,COLEGIO GRANCOLOMBIANO (IED),Bosa,CL 73 F SUR # 80 N BIS - 49,4.61022999990342,-74.19966999974005,4.609100499999999,-74.20025559999999,ROOFTOP,"Cra. 80k #73F-29, Bogotá, Colombia",OK
111001046591,COLEGIO JOSE ANTONIO GALAN (IED),Bosa,KR 78 J # 58 M - 22 SUR,4.606119999735026,-74.17906999983296,4.6061082,-74.1789781,GEOMETRIC_CENTER,"Cra. 78j, Bogotá, Colombia",OK
111001104183,COLEGIO LEONARDO POSADA PEDRAZA (IED),Bosa,KR 92 # 72 - 42 SUR,4.62775999973467,-74.20148999998041,4.6273287,-74.20087339999999,ROOFTOP,"Cra. 92 #72Sur-42, Bogotá, Colombia",OK
111001104299,COLEGIO ALFONSO REYES ECHANDIA (IED),Bosa,KR 86 # 74 - 00 SUR,4.616430000226794,-74.19991999998531,4.615730999999999,-74.20055169999999,ROOFTOP,"74 00, Cra. 86 #74-00, Bogotá, Colombia",OK
111001106968,COLEGIO JOSE FRANCISCO SOCARRAS (IED),Bosa,KR 88 C # 66 A - 03 SUR,4.624860000159428,-74.19441999997957,4.6258189,-74.1947713,ROOFTOP,"Cra. 88c #66a Sur-3, Bogotá, Colombia",OK
111001107832,COLEGIO GERMAN ARCINIEGAS (IED),Bosa,KR 88 I # 54 B - 44 SUR,4.630550000360442,-74.18531999967612,4.6301364,-74.18543,ROOFTOP,"Cra. 88i #54c Sur-2 a 54c Sur-92, Cl. 56 Sur #88I-4, Bosa, Bogotá, Colombia",OK
111001107883,COLEGIO DEBORA ARANGO PEREZ (IED),Bosa,KR 84 A # 57 B - 04 SUR,4.6188300003695595,-74.18348000024261,4.6180332,-74.1832328,GEOMETRIC_CENTER,"Cl. 57b Sur, Bogotá, Colombia",OK
111001800392,COLEGIO SOLEDAD ACOSTA DE SAMPER (IED),Bosa,CL 50 SUR # 98 B - 70 INT 14,4.642789999754915,-74.1858800004411,4.643457499999999,-74.18627959999999,ROOFTOP,"Cl. 50 Sur #98b-70, Bosa, Bogotá, Colombia",OK
111102000265,COLEGIO LUIS LOPEZ DE MESA (IED),Bosa,CL 65 H SUR # 78 A - 03,4.60060999999083,-74.18584000025812,4.6232788,-74.14900829999999,ROOFTOP,"Cra. 78a #03, Bosa, Bogotá, Colombia",OK
111102000958,COLEGIO PORFIRIO BARBA JACOB (IED),Bosa,CL 70 A SUR # 81 G - 13,4.611790000038157,-74.19340999985114,4.613721,-74.1951649,GEOMETRIC_CENTER,"Bogotá, Colombia",OK
211102000995,COLEGIO BOSANOVA (IED),Bosa,CL 59 B SUR # 87 B - 02,4.622550000297636,-74.18848999980355,4.6225539,-74.1884269,ROOFTOP,"Cl. 59b Sur #872, Bogotá, Colombia",OK
111001000124,COLEGIO CARLOS ARANGO VELEZ (IED),Kennedy,KR 70 B # 24 B - 35 SUR,4.6162100001656325,-74.13596000026503,4.607787699999999,-74.13533819999999,ROOFTOP,"Tv. 68g #35 A 42 SUR, Bogotá, Colombia",OK
111001011321,COLEGIO CARLOS ARTURO TORRES (IED),Kennedy,TV 72 B # 44 C - 19 SUR,4.599559999975581,-74.14640000040981,4.5998225,-74.1462859,ROOFTOP,"19 Sur, Tv. 72b #44C, Kennedy, Bogotá, Colombia",OK
111001100048,COLEGIO HERNANDO DURAN DUSSAN (IED),Kennedy,CL 42 F SUR # 88 A - 25,4.6348500004479645,-74.17228000021461,4.6347906,-74.1726214,ROOFTOP,"25, Calle 42FS #88 A, Dintalito, Bogotá, Colombia",OK
111001104558,COLEGIO CODEMA (IED),Kennedy,CL 2 # 93 - 28,4.648190000457317,-74.16571999985172,4.6484006,-74.1653589,ROOFTOP,"Calle 2 93 28, Kennedy, Bogotá, Colombia",OK
111001107778,COLEGIO SALUDCOOP SUR (IED),Kennedy,AK 89 # 26 - 03 SUR,4.642329999999252,-74.16375999986928,4.6427286,-74.1641629,ROOFTOP,"Cra. 89 #26-03, Bogotá, Colombia",OK
111001014974,COLEGIO FRANCISCO DE MIRANDA (IED),Kennedy,DG 41 SUR # 73 A - 80,4.612550000377954,-74.1544600004476,4.6126342,-74.1543654,ROOFTOP,"Cra. 73b Bis #40-55, Bogotá, Colombia",OK
111001015598,COLEGIO LAS AMERICAS (IED),Kennedy,KR 73 C BIS # 38 C - 84 SUR,4.616839999751763,-74.15051000034549,4.6164963,-74.150025,ROOFTOP,"Cra. 73c Bis #38C-84S, Kennedy, Bogotá, Colombia",OK
111001015601,COLEGIO O.E.A. (IED),Kennedy,KR 72 L # 34 - 19 SUR,4.617890000206483,-74.14161000005858,4.6178364,-74.141745,GEOMETRIC_CENTER,"Dg. 34 Sur, Bogotá, Colombia",OK
111001016101,COLEGIO LOS PERIODISTAS (IED),Kennedy,CL 41 C SUR # 78 H - 85,4.617470000569248,-74.15820999963486,4.6178351,-74.1583504,ROOFTOP,"Cl. 41 Sur #a 98, Bogotá, Colombia",OK
111001016136,COLEGIO LA CHUCUA (IED),Kennedy,KR 72 I # 42 F - 54 SUR,4.603769999715637,-74.14855000036304,4.603696999999999,-74.148657,ROOFTOP,"F # 38 G, Tv. 72 #44f Sur4, Bogotá, Colombia",OK
111001016292,COLEGIO KENNEDY (IED),Kennedy,CL 5 SUR # 72 A - 69,4.620249999853442,-74.14077999985517,4.6205276,-74.1451909,ROOFTOP,"Cra. 73 #26 Sur-81, Kennedy, Bogotá, Cundinamarca, Colombia",OK
111001027391,COLEGIO MANUEL CEPEDA VARGAS (IED),Kennedy,CL 56 SUR # 81 - 26,4.616540000231793,-74.17794000005391,4.6166661,-74.1774839,ROOFTOP,"Cl. 56 Sur #81-26, Bogotá, Colombia",OK
111001033898,COLEGIO MANUEL ZAPATA OLIVELLA (IED),Kennedy,CL 1 BIS # 87 - 84,4.640530000447673,-74.1603100002577,4.6405307,-74.1603226,ROOFTOP,"Cl. 1 Bis #87-84, Bogotá, Colombia",OK
111001076767,COLEGIO CASTILLA (IED),Kennedy,KR 78 C # 8 A - 43,4.64044999998299,-74.14189000044105,4.6405483,-74.1418726,ROOFTOP,"Cra. 78c #8A-43, Kennedy, Bogotá, Colombia",OK
111001086649,COLEGIO ALFONSO LOPEZ PUMAREJO (IED),Kennedy,KR 72 G # 39 - 57 SUR,4.607760000520701,-74.1436400003612,4.6079165,-74.1437759,ROOFTOP,"Cra. 72g #39-99, Kennedy, Bogotá, Colombia",OK
111001102199,COLEGIO PABLO NERUDA (IED),Fontibón,CL 16 F BIS # 102 - 70,4.6721500005144145,-74.14936999962238,4.6722712,-74.14949910000001,ROOFTOP,"Cl. 16f Bis #10270, Bogotá, Colombia",OK
111001800091,COLEGIO LA FELICIDAD (IED),Fontibón,CL 19 # 79 - 37,4.656470000359904,-74.13048000035079,4.6556367,-74.1304037,ROOFTOP,"Cl. 18a #78-35, Bogotá, Colombia",OK
111001801322,COLEGIO MARIA JOSEFA CANELONES (IED),Fontibón,CL 16 D # 78 - 61,4.65185000023085,-74.13175999991766,4.6505067,-74.1313,GEOMETRIC_CENTER,"Cl. 16c, Bogotá, Colombia",OK
111279000061,COLEGIO ANTONIO VAN UDEN (IED),Fontibón,CL 17 D # 123 B - 26,4.6889400002916055,-74.15864999985091,4.6929683,-74.167445,GEOMETRIC_CENTER,"& Av Ciudad de Cali, Cl. 76, Engativá, Bogotá, Colombia",OK
111279000125,COLEGIO VILLEMAR EL CARMEN (IED),Fontibón,CL 20 D # 96 G - 51,4.67283999987723,-74.13920999986009,4.672982,-74.139319,ROOFTOP,"Cl. 20d #9551, Bogotá, Colombia",OK
111279000362,COLEGIO COSTA RICA (IED),Fontibón,KR 101 # 23 - 42,4.679359999887122,-74.13799999971508,4.679340499999999,-74.1386574,ROOFTOP,"Cl. 23 #10105, Bogotá, Colombia",OK
311001105944,BACHILLERATO A DISTANCIA PARA JOVENES Y ADULTOS DE LA UNIVERSIDAD NACIONAL ABIERTA Y A DISTANCIA UNAD-REGIONAL BOGOTA,Antonio Nariño,CL 14 SUR # 14 - 23,4.585090000523312,-74.09704000010039,4.5852438,-74.09737179999999,ROOFTOP,"Cl. 14 Sur # 14-23, Bogotá, Colombia",OK
111001013374,COLEGIO ESCUELA NACIONAL DE COMERCIO (IED),La Candelaria,KR 3 ESTE # 9 - 77,4.592920000229006,-74.06999000033359,4.5930385,-74.07007449999999,ROOFTOP,"Cra. 3 Este #9-77 #977, La Candelaria, Bogotá, Colombia",OK
111001014524,COLEGIO RAFAEL URIBE URIBE (IED),Ciudad Bolívar,DG 71 B SUR # 18 I - 20,4.547209999712892,-74.1483000001178,4.5468844,-74.1498992,ROOFTOP,"Tv. 18j #53, Bogotá, Colombia",OK
111001047678,COLEGIO PARAISO MIRADOR (IED),Ciudad Bolívar,KR 27 L # 71 H - 46 SUR,4.551170000203899,-74.16223000005716,4.550253000000001,-74.15857620000001,ROOFTOP,"Cra. 27l #14, Bogotá, Colombia",OK
111001075329,COLEGIO MARIA MERCEDES CARRANZA (IED),Ciudad Bolívar,TV 70 G # 65 - 02 SUR,4.586450000405213,-74.16377999996077,4.5863212,-74.1640041,ROOFTOP,"El Perdomo, Tv. 70g #65 Sur-2, Bogotá, Colombia",OK
111001075752,COLEGIO SOTAVENTO (IED),Ciudad Bolívar,CL 73 A SUR # 16 F - 35,4.544570000425282,-74.13745999993992,4.544286899999999,-74.1373837,ROOFTOP,"Cl. 73a Sur #35, Bogotá, Colombia",OK
111001086584,COLEGIO CONFEDERACION BRISAS DEL DIAMANTE (IED),Ciudad Bolívar,KR 18 I # 69 D - 35 SUR,4.5476100005249736,-74.14780999967303,4.5503465,-74.15287649999999,GEOMETRIC_CENTER,"Bogotá, Colombia",OK
111001030848,COLEGIO ARBORIZADORA BAJA (IED),Ciudad Bolívar,CL 59 I SUR # 44 A - 02,4.574850000084946,-74.15252999970407,4.5754214,-74.1514814,ROOFTOP,"Cl. 59 Sur #44a-02, Cdad. Bolívar, Bogotá, Cundinamarca, Colombia",OK
111001034240,COLEGIO NICOLAS GOMEZ DAVILA (IED),Ciudad Bolívar,CL 67 SUR # 20 D - 20,4.563600000529787,-74.14912000027545,4.563524699999999,-74.1490184,ROOFTOP,"Cl. 67 Sur #20D-20, Bogotá, Colombia",OK
111001086762,COLEGIO EL MINUTO DE BUENOS AIRES (IED),Ciudad Bolívar,CL 78 A SUR # 17 F - 26,4.539389999917321,-74.13978999981822,4.5371369,-74.1421316,GEOMETRIC_CENTER,"Cl. 80a Sur, Bogotá, Colombia",OK
111001086801,COLEGIO CEDID CIUDAD BOLIVAR (IED),Ciudad Bolívar,CL 70 SUR # 56 - 11,4.577979999893557,-74.16470999972329,4.572062499999999,-74.1624496,GEOMETRIC_CENTER,"# a 72 99,, Cl. 72 Sur, Bogotá, Colombia",OK
111001034754,COLEGIO COMPARTIR RECUERDO (IED),Ciudad Bolívar,CL 69 SUR # 18 B - 35,4.549090000255054,-74.14562000043514,4.5490547,-74.1456209,ROOFTOP,"Cl 69 Sur #18b 35, Cdad. Bolívar, Bogotá, Colombia",OK
111001035572,COLEGIO ACACIA II (IED),Ciudad Bolívar,CL 62 SUR # 19 B - 42,4.5606899999523804,-74.14234999985028,4.560635899999999,-74.1422765,ROOFTOP,"Cl. 62 Sur #19b-42, Bogotá, Colombia",OK
111001036561,COLEGIO JOSE JAIME ROJAS (IED),Ciudad Bolívar,CL 77 A SUR # 18 M - 79,4.540019999981385,-74.15094999966323,4.540156899999999,-74.15040479999999,ROOFTOP,"Cra. 18 #77a Sur27, Bogotá, Colombia",OK
111001006122,COLEGIO LA MERCED (IED),Puente Aranda,CL 13 # 42 A - 51,4.622370000259578,-74.10135000005262,4.62164,-74.10045,GEOMETRIC_CENTER,"Colegio La Merced, Puente Aranda, Bogotá, Colombia",OK
111001044385,COLEGIO TECNICO CEDID GUILLERMO CANO ISAZA (IED),Ciudad Bolívar,KR 16 C # 62 - 35 SUR,4.557519999936229,-74.13543999968303,4.5567337,-74.1357293,ROOFTOP,"Cra. 16a #62 - 35 Sur, Tunjuelito, Bogotá, Colombia",OK
111001045730,COLEGIO EL PARAISO DE MANUELA BELTRAN (IED),Ciudad Bolívar,KR 45 C # 69 D - 15 SUR,4.572410000470549,-74.15812000012149,4.5709957,-74.16413709999999,ROOFTOP,"Cra. 45c #73b Sur9, Bogotá, Colombia",OK
111001014745,COLEGIO ANTONIO JOSE DE SUCRE (IED),Puente Aranda,CL 11 # 65 B - 10,4.633480000481022,-74.1181899998284,4.6334902,-74.1181904,GEOMETRIC_CENTER,"Cl. 12, Puente Aranda, Bogotá, Colombia",OK
111001014869,COLEGIO LUIS VARGAS TEJADA (IED),Puente Aranda,KR 52 C # 19 A - 76 SUR,4.609540000214908,-74.12582999974163,4.6086073,-74.1274997,ROOFTOP,"Cra. 52 #24-90 Sur, Bogotá, Colombia",OK
111001011819,COLEGIO LICEO FEMENINO DE CUNDINAMARCA MERCEDES NARIÑO (IED),Rafael Uribe Uribe,AV CARACAS # 23 - 24 SUR,4.580810000096524,-74.10383999976449,4.5789146,-74.1018562,ROOFTOP,"Cra. 12G #22b Sur-51, Bogotá, Colombia",OK
111001008389,COLEGIO TECNICO DOMINGO FAUSTINO SARMIENTO (IED),Barrios Unidos,TV 60 C # 95 - 51,4.684800000503679,-74.06654999986941,4.6968948,-74.1060639,ROOFTOP,"Cl. 72A #86-2 a 86-96, Bogotá, Colombia",OK
111001009148,COLEGIO HELADIA MEJIA (IED),Barrios Unidos,CL 65 # 15 A - 04,4.653119999988235,-74.0657399997575,4.648941799999999,-74.0582463,ROOFTOP,"Cl. 65 #15, Bogotá, Colombia",OK
111001016772,COLEGIO SAN FRANCISCO DE ASIS (IED),Los Mártires,DG 1  # 19 - 79  --  CL 1 C BIS # 19 - 79,4.594189999954537,-74.09223999970342,4.596286399999999,-74.0942559,ROOFTOP,"Cra. 21 #1H-06, Los Mártires, Bogotá, Colombia",OK
111001020168,COLEGIO SORRENTO (IED),Puente Aranda,CL 5 B # 53 C - 74,4.622989999999225,-74.11327999982657,4.6230841,-74.1133981,ROOFTOP,"Cra. 53d #5-74, Puente Aranda, Bogotá, Cundinamarca, Colombia",OK
111001045535,COLEGIO JOSE MANUEL RESTREPO (IED),Puente Aranda,CL 2 BIS # 56 A - 67,4.617730000416655,-74.12271999988866,4.6176009,-74.1225023,ROOFTOP,"Cl. 2 Bis #56A-37, Bogotá, Colombia",OK
111001065056,COLEGIO LUIS CARLOS GALAN SARMIENTO (IED),Puente Aranda,CL 1 B # 52 A - 02,4.611460000450291,-74.11916999981963,4.6116864,-74.1189733,ROOFTOP,"Cl. 1b #52A-02, Puente Aranda, Bogotá, Colombia",OK
111001024830,COLEGIO FRANCISCO PRIMERO S.S. (IED),Barrios Unidos,KR 28 # 63 - 64,4.652139999756869,-74.07571999959477,4.6669203,-74.0733575,GEOMETRIC_CENTER,"Cra 29c, Bogotá, Colombia",OK
111001030856,COLEGIO PANAMERICANO (IED),Los Mártires,AK 27 # 24 C - 19,4.623040000517844,-74.07881000025456,4.6230285,-74.0789959,ROOFTOP,"Cra 27 #24c-19, Bogotá, Colombia",OK
111001041459,COLEGIO RICAURTE (IED),Los Mártires,AK 27 # 7 - 48 - KR 26 # 7 – 41/61,4.60616000056359,-74.09398999962357,4.605946400000001,-74.0939427,ROOFTOP,"Cra 27 #7-48, Bogotá, Colombia",OK
111001018058,COLEGIO ALEXANDER FLEMING (IED),Rafael Uribe Uribe,DG 45 BIS SUR # 13 F - 03,4.571960000411937,-74.12074999986046,4.5684743,-74.11650720000002,GEOMETRIC_CENTER,"Cl. 43 Sur, Bogotá, Colombia",OK
111001020095,COLEGIO MISAEL PASTRANA BORRERO (IED),Rafael Uribe Uribe,KR 10 A # 39 - 05 SUR,4.564669999865602,-74.1083399996875,4.5646524,-74.10839,GEOMETRIC_CENTER,"Carrera 10 &, Dg. 39 Sur, Bogotá, Colombia",OK
111001027332,COLEGIO GUSTAVO RESTREPO (IED),Rafael Uribe Uribe,CL 28 SUR # 14 - 51,4.578989999754168,-74.10818999989968,4.577633,-74.1027634,ROOFTOP,"Cra. 12 #26-17, Bogotá, Colombia",OK
111001027383,COLEGIO ALFREDO IRIARTE (IED),Rafael Uribe Uribe,TV 5 J # 48 F - 69 SUR,4.558100000566344,-74.11207999972733,4.5577303,-74.11188609999999,ROOFTOP,"Tv. 5j, 48f Sur-7, a 48f #Sur-99, Bogotá, Colombia",OK
111001011053,COLEGIO GUILLERMO LEON VALENCIA (IED),Antonio Nariño,KR 22 # 16 - 03 SUR,4.587140000072786,-74.10108999976163,4.588184399999999,-74.10211149999999,ROOFTOP,"Cra 24B #17A-17, Antonio Nariño, Bogotá, Colombia",OK
111001030015,COLEGIO ENRIQUE OLAYA HERRERA (IED),Rafael Uribe Uribe,KR 10 # 31 - 29 SUR,4.56851000012683,-74.10134000000689,4.5683956,-74.10167609999999,ROOFTOP,"Cra. 10 #31 Sur-29, Bogotá, Colombia",OK
111001032395,COLEGIO REPUBLICA EE.UU. DE AMERICA (IED),Rafael Uribe Uribe,CL 22 SUR # 22 - 65,4.5842900001735085,-74.105290000109,4.5851354,-74.1061399,ROOFTOP,"Cra. 23 #24C-22, Tunjuelito, Bogotá, Colombia",OK
111001012602,COLEGIO ATANASIO GIRARDOT (IED),Antonio Nariño,CL 14 SUR # 28 - 16/06,4.5943500005633,-74.10458999960193,4.5941831,-74.1101418,ROOFTOP,"a 31-99,, Cl. 18 Sur #31-1, Bogotá, Colombia",OK
111001014630,COLEGIO FRANCISCO DE PAULA SANTANDER (IED),Antonio Nariño,CL 23 SUR # 27 - 27  --  CL 23 SUR # 28 - 47,4.590510000222839,-74.09756999982982,4.5899734,-74.11036200000001,ROOFTOP,"Cl. 23 Sur #2727, Bogotá, Colombia",OK
111001076376,COLEGIO MARRUECOS Y MOLINOS (IED),Rafael Uribe Uribe,CL 49 D BIS SUR # 5 X - 02,4.555260000489319,-74.11795999967464,4.5552563,-74.11784209999999,ROOFTOP,"Cl. 49d Bis Sur #02 5x, Bogotá, Colombia",OK
111001078930,COLEGIO LA PAZ (IED),Rafael Uribe Uribe,DG 52 A SUR # 5 B - 48,4.543580000438172,-74.1167599995754,4.5437763,-74.11723909999999,ROOFTOP,"#5c-18 a, Dg. 52a Sur #530, Bogotá, Colombia",OK
111001094889,COLEGIO LA TOSCANA - LISBOA (IED),Suba,CL 132 D BIS # 132 - 05  --  CL 133 # 132 - 05,4.743560000243744,-74.1134299996144,4.7431981,-74.1136944,ROOFTOP,"Cl. 132d #No 132-05, Bogotá, Colombia",OK
111001098949,COLEGIO BILBAO (IED),Suba,CL 143 A # 118 - 50,4.749809999899698,-74.107369999742,4.7499818,-74.1074026,ROOFTOP,"Calle 143a #118- a 118-, Cl. 98 #71a40, Bogotá, Colombia",OK
111001009521,COLEGIO ROBERT F. KENNEDY (IED),Engativá,AV BOYACA # 64 H - 39,4.679009999997465,-74.10130999986964,4.6829865,-74.1043251,ROOFTOP,"Cl. 65a #76-47, Bogotá, Colombia",OK
111001009971,COLEGIO REPUBLICA DE COLOMBIA (IED),Engativá,CL 68 # 69 - 10,4.677370000076788,-74.0915900003234,4.6574064,-74.0675705,ROOFTOP,"Cl. 68 #2021, Engativá, Bogotá, Colombia",OK
111001011771,COLEGIO JOSE ASUNCION SILVA (IED),Engativá,KR 92 # 89 - 79,4.712740000440357,-74.09854999982103,4.7126606,-74.0983614,ROOFTOP,"Cl. 89 Bis #91-20, Engativá, Bogotá, Colombia",OK
111001012441,COLEGIO MORISCO (IED),Engativá,DG 83 # 73 A - 12  --  DG 83 # 73 - 12,4.705650000113147,-74.09054000001197,4.7053905,-74.0901669,ROOFTOP,"Dg. 83 #73a50 #73a- a, Bogotá, Colombia",OK
111001107069,COLEGIO VIRGINIA GUTIERREZ DE PINEDA (IED),Suba,CL 131 B # 94 F - 31,4.731300000288655,-74.09127999980367,4.7222436,-74.0967402,ROOFTOP,"calle 131B 94F 31, Suba, Bogotá, Colombia",OK
111001013293,COLEGIO NACIONES UNIDAS (IED),Engativá,CL 73 BIS # 68 G - 27,4.680780000022905,-74.08713999973078,4.6807375,-74.0871428,ROOFTOP,"Cl. 73 Bis #68g27, Bogotá, Colombia",OK
111001015806,COLEGIO JORGE GAITAN CORTES (IED),Engativá,KR 89 A # 86 - 24,4.708840000056325,-74.09911999973345,4.7088922,-74.09917,ROOFTOP,"Cra. 89A #86-38, Bogotá, Colombia",OK
111001107786,COLEGIO NICOLAS BUENAVENTURA (IED),Suba,KR 103 B # 153 - 01,4.754040000076635,-74.09102999955842,4.7567656,-74.0859078,ROOFTOP,"a 157-55, Cra. 99 #157-25, Bogotá, Colombia",OK
111001033979,COLEGIO GARCES NAVAS (IED),Engativá,KR 104 A # 76 B - 09,4.710420000373182,-74.11719999979145,4.710469799999999,-74.11720369999999,ROOFTOP,"Cra. 104a #76b-9, Bogotá, Colombia",OK
111001800163,COLEGIO FILARMONICO JORGE MARIO BERGOGLIO (IED),Suba,KR 113 C # 142 B - 21,4.748630000348428,-74.10309999997277,4.7486359,-74.1032037,ROOFTOP,"Cra. 113c #21, Bogotá, Colombia",OK
111001035521,COLEGIO NESTOR FORERO ALCALA (IED),Engativá,KR 70 C BIS # 71 - 33,4.683779999749623,-74.09352000016861,4.682154199999999,-74.0932413,ROOFTOP,"Dg. 70 #70-40, Engativá, Bogotá, Colombia",OK
111001046299,COLEGIO MANUELA AYALA DE GAITAN (IED),Engativá,CL 71 # 75 - 11,4.688189999716313,-74.09953999985801,4.6883405,-74.0998153,ROOFTOP,"Cl. 71 #75-11, Bogotá, Colombia",OK
111001098922,COLEGIO LAS MERCEDES (IED),Engativá,KR 105 F # 66 - 33,4.700249999899246,-74.12519000040734,4.700550499999999,-74.125418,GEOMETRIC_CENTER,"Cl. 65, Bogotá, Colombia",OK
111769000956,COLEGIO PRADO VERANIEGO (IED),Suba,KR 46 # 130 - 65,4.716940000138196,-74.05452999968378,4.7179902,-74.0542469,APPROXIMATE,"Prado Veraniego, Suba, Bogotá, Bogota, Colombia",OK
111769001502,COLEGIO ANIBAL FERNANDEZ DE SOTO (IED),Suba,KR 53 # 135 - 13,4.72306999990502,-74.0573399999611,4.7265975,-74.0543773,ROOFTOP,"33. Sede B, Cra. 50 #143, Suba, Bogotá, Colombia",OK
111001098931,COLEGIO TORQUIGUA (IED),Engativá,CL 64 # 128 - 50,4.721610000390162,-74.14390999979965,4.7213961,-74.1434476,ROOFTOP,"Cl 64 #128-50, Bogotá, Colombia",OK
111001104035,COLEGIO BOLIVIA (IED),Engativá,KR 68 G # 78 - 20,4.684380000478705,-74.08206999989537,4.684402,-74.08198420000001,ROOFTOP,"Cra. 68g #98, Bogotá, Colombia",OK
111001801055,COLEGIO ABEL RODRIGUEZ CESPEDES (IED),Engativá,CL 72 F # 114 - 51 INT 17/38,4.716110000290675,-74.12967000023889,4.713807399999999,-74.1299477,GEOMETRIC_CENTER,"Cl. 72, con, Cr 112F, Bogotá, Colombia",OK
111769003416,COLEGIO JUAN LOZANO Y LOZANO (IED),Suba,CL 140 A # 100 - 30,4.740900000185484,-74.09303999976957,4.7409574,-74.0928382,ROOFTOP,"Cl. 140 #100-30, Bogotá, Colombia",OK
111769004188,COLEGIO HUNZA (IED),Suba,KR 84 # 129 A - 40  --  KR 84 A # 129 A BIS - 40,4.723329999999017,-74.083150000344,4.721555899999999,-74.0883423,ROOFTOP,"Cl. 128b #87c- a 87c-, Cl. 27 #271, Bogotá, Colombia",OK
111848002107,LICEO DEL EJERCITO PATRIA SECTOR NORTE B LICEO COLOMBIA,Suba,CL 138 # 54 C - 40,4.726260000412614,-74.0588899998647,4.726447100000001,-74.059051,ROOFTOP,"Cl. 138 #57-40, Suba, Bogotá, Cundinamarca, Colombia",OK
111001025020,COLEGIO ALBERTO LLERAS CAMARGO (IED),Suba,KR 111 A # 139 - 88,4.74348999976095,-74.10247999983166,4.7441213,-74.1020254,ROOFTOP,"Cra. 111 A #139-88, Bogotá, Colombia",OK
111001075272,COLEGIO NUEVA COLOMBIA (IED),Suba,KR 102 A # 128 A - 40,4.728520000170921,-74.09935999993294,4.7357721,-74.1018924,ROOFTOP,"a 106-42, Cl. 131b #106-14, Bogotá, Colombia",OK
111001075515,COLEGIO GUSTAVO MORALES MORALES (IED),Suba,CL 129 # 55 - 55,4.716690000536635,-74.06438999987044,4.7166755,-74.0646861,ROOFTOP,"Cl. 129 #55-55, Suba, Bogotá, Colombia",OK
111001086665,COLEGIO RAMON DE ZUBIRIA (IED),Suba,DG 129 B BIS # 93 B - 51,4.725740000534299,-74.09229999997787,4.7275668,-74.0867148,ROOFTOP,"Cl. 130 #88 B - 20 20, Suba, Bogotá, Colombia",OK
111001093084,COLEGIO ALVARO GOMEZ HURTADO (IED),Suba,KR 100 A # 130 - 18,4.7303300005782,-74.09698999987168,4.7307843,-74.09661249999999,ROOFTOP,"Cra. 100a #130-18, Bogotá, Colombia",OK
111001096555,COLEGIO CIUDAD BOLIVAR - ARGENTINA (IED),Ciudad Bolívar,CL 70 SUR # 56 - 45,4.578289999904901,-74.16494999992278,4.578309099999999,-74.1651972,GEOMETRIC_CENTER,"Cdad. Bolívar, Bogotá, Colombia",OK
111001100013,COLEGIO BUENAVISTA (IED),Ciudad Bolívar,KR 17 F # 77 - 75 SUR,4.540380000282745,-74.13933000040899,4.5400621,-74.139333,ROOFTOP,"Cra. 17f #77a Sur-1 a, Cl. 77a Sur #79, Bogotá, Colombia",OK
111001107115,COLEGIO JOSE MARIA VARGAS VILA (IED),Ciudad Bolívar,DG 74 B BIS SUR # 26 C - 12,4.542340000562862,-74.16130000029464,4.5428885,-74.16206439999999,GEOMETRIC_CENTER,"Carrera 27 #74b Sur-1 a 74b Sur-47, Bogotá, Colombia",OK
111001800422,COLEGIO ROGELIO SALMONA (IED),Ciudad Bolívar,CL 59 SUR # 65 - 42,4.58730999982365,-74.15498000013127,4.5870388,-74.1547554,ROOFTOP,"Cl. 59 Sur #65, Tunjuelito, Bogotá, Colombia",OK
111001800571,COLEGIO ANGELA RESTREPO MORENO (IED),Ciudad Bolívar,CL 69 SUR # 71 G - 12,4.58260000023987,-74.16427999955297,4.5823842,-74.1645715,ROOFTOP,"Cl. 69 Sur #71g-12, Bogotá, Colombia",OK
111001801276,COLEGIO MARIA CURREA MANRIQUE (IED),Ciudad Bolívar,CL 58 D SUR # 51 - 10,4.5814999998371535,-74.15309999961646,4.5815807,-74.1530508,ROOFTOP,"Cl. 58d Sur #51-10, Cdad. Bolívar, Bogotá, Colombia",OK
111001801314,COLEGIO AGUDELO RESTREPO (IED),Ciudad Bolívar,KR 70 D # 65 - 25 SUR,4.586429999885829,-74.16258999990727,4.586837099999999,-74.1625257,GEOMETRIC_CENTER,"Bogotá, Colombia",OK
111001046957,COLEGIO TOBERIN (IED),Usaquén,CL 166 # 16 C - 15,4.745409999816124,-74.03949000005686,4.7453291,-74.0394951,ROOFTOP,"Cl. 166 #16C - 15, Bogotá, Colombia",OK
111848002662,COLEGIO USAQUEN (IED),Usaquén,CL 127 C # 9 A - 03,4.707209999838511,-74.03463000028373,4.724295199999999,-74.031986,ROOFTOP,"Ak 9 #146-40, Bogotá, Colombia",OK
111848002671,COLEGIO UNION COLOMBIA (IED),Usaquén,KR 7 A # 182 A - 07,4.759349999988052,-74.02746999987122,4.7655768,-74.02816419999999,ROOFTOP,"Cl. 189 #5d-29, Bogotá, Colombia",OK
111848003910,COLEGIO GENERAL SANTANDER (IED),Usaquén,CL 159 # 8 - 56,4.734650000472696,-74.02793000017877,4.735003400000001,-74.02823219999999,ROOFTOP,"Cl. 159 #8 - 56, Bogotá, Colombia",OK
111848003031,COLEGIO CRISTOBAL COLON (IED),Usaquén,CL 165 # 8 A - 03  --  CL 165 # 18 - 03,4.741640000415741,-74.02582999955592,4.7433201,-74.0191706,ROOFTOP,"Cl. 167 #344, Bogotá, Colombia",OK
111001029955,COLEGIO AGUSTIN FERNANDEZ (IED),Usaquén,KR 7 # 155 - 20,4.729649999970929,-74.02409999972726,4.729424799999999,-74.02359299999999,ROOFTOP,"Ak 7 #155-20, Usaquén, Bogotá, Colombia",OK
111001100030,COLEGIO LA GIRALDA (IED),Santa Fé,AC 1 # 3 - 60,4.583070000490075,-74.07919000019616,4.5834994,-74.0789384,ROOFTOP,"Cl. 1 #3-60, Bogotá, Colombia",OK
311001026441,COLEGIO LOS PINOS (IED),Santa Fé,DG 4 A # 5 B - 93 ESTE,4.587700000415987,-74.06809999977304,4.5876836,-74.0681633,ROOFTOP,"Dg. 4a #6b Este-44, Bogotá, Colombia",OK
111001009831,COLEGIO POLICARPA SALAVARRIETA (IED),Santa Fé,CL 28 # 5 A - 06,4.614640000028481,-74.06784000038034,4.614675900000001,-74.0678803,ROOFTOP,"Cl. 28 #6-6, Bogotá, Colombia",OK
111001013242,COLEGIO AULAS COLOMBIANAS SAN LUIS (IED),Santa Fé,KR 11 ESTE # 1 A - 85  --  KR 11 ESTE # 0 - 21,4.580829999877763,-74.07114000020412,4.580848,-74.0711003,GEOMETRIC_CENTER,"Kr 11 E, Cl. 1b, Bogotá, Colombia",OK
111001032409,COLEGIO JORGE SOTO DEL CORRAL (IED),Santa Fé,CL 3 # 1 A - 11 ESTE  --  CL 3 # 2 - 64 ESTE,4.587740000487629,-74.07338999971647,4.5885052,-74.0703198,ROOFTOP,"Cra. 4A Este #3b46, Bogotá, Colombia",OK
111001036544,COLEGIO ANTONIO JOSE URIBE (IED),Santa Fé,CL 3 # 9 - 70,4.5922000002402905,-74.08231000009488,4.592298,-74.082462,ROOFTOP,"Ac. 3 #980, Bogotá, Colombia",OK
111001018368,COLEGIO LA VICTORIA (IED),San Cristóbal,KR 3 B ESTE # 38 - 25 SUR,4.552259999817679,-74.09342999975692,4.5522547,-74.0934474,GEOMETRIC_CENTER,"Cl. 38 Sur, San Cristóbal, Bogotá, Cundinamarca, Colombia",OK
111001018384,COLEGIO SAN ISIDRO SUR ORIENTAL (IED),San Cristóbal,CL 34 SUR # 7 A - 88,4.565599999758285,-74.10109999980736,4.5657697,-74.1010764,ROOFTOP,"Cl. 34 S #7 A - 88, Bogotá, Colombia",OK
111001027324,COLEGIO FLORENTINO GONZALEZ (IED),San Cristóbal,KR 5 A # 30 A - 45 SUR,4.567170000346645,-74.0963499996391,4.5672893,-74.0962272,ROOFTOP,"Sur, Cra. 5a #30A-45, San Cristóbal, Bogotá, Colombia",OK
111001032433,COLEGIO REPUBLICA DEL ECUADOR (IED),San Cristóbal,KR 1 A # 6 C - 50 SUR,4.5769200002266075,-74.08027999979222,4.5771969,-74.079936,ROOFTOP,"Cl. 7a Sur #00 Este50, Bogotá, Colombia",OK
111001035530,COLEGIO TECNICO JOSE FELIX RESTREPO (IED),San Cristóbal,KR 6 # 18 B - 04 SUR,4.574600000242442,-74.08995000000809,4.5744845,-74.089957,ROOFTOP,"Cra. 6 #18 Sur-20, Bogotá, Colombia",OK
111001012246,COLEGIO PANTALEON GAITAN PEREZ (CED),San Cristóbal,KR 18 ESTE # 13 - 42 SUR,4.56915000026094,-74.07477999978651,4.5689391,-74.0747154,GEOMETRIC_CENTER,"Carrera 13S, San Cristóbal, Bogotá, Colombia",OK
111001012335,COLEGIO JUANA ESCOBAR (IED),San Cristóbal,KR 15 A ESTE # 57 A - 16 SUR,4.530919999912781,-74.08560999991865,4.5305988,-74.0853619,GEOMETRIC_CENTER,"Bogotá, Colombia",OK
111001014168,COLEGIO ALTAMIRA SUR ORIENTAL (IED),San Cristóbal,CL 42 A SUR # 12 A - 27 ESTE,4.5454900004065655,-74.08498999977753,4.5453654,-74.08474369999999,ROOFTOP,"Cra 12A Este #42-63, Bogotá, Colombia",OK
111001098817,COLEGIO NUEVA ROMA (IED),San Cristóbal,CL 48 SUR # 4 A - 39 ESTE,4.541460000108989,-74.09576999968095,4.5414506,-74.09589969999999,GEOMETRIC_CENTER,"San Cristóbal, Bogotá, Colombia",OK
111001102016,COLEGIO TECNICO ALDEMAR ROJAS PLAZAS (IED),San Cristóbal,KR 10 # 13 - 52 SUR,4.580480000491336,-74.09087999977059,4.5797804,-74.0912693,ROOFTOP,"Cra. 10 #13 Sur-52, Bogotá, Colombia",OK
111001100081,COLEGIO MIRAVALLE (IED),Usme,DG 76 SUR # 3 B - 30,4.512810000189122,-74.11964000017291,4.5133509,-74.11978049999999,ROOFTOP,"Cl. 76 Sur #14P-10, Bogotá, Colombia",OK
111001800660,COLEGIO CIUDAD CHENGDU (IED),Usme,CL 79 SUR # 8 - 50 ESTE,4.511199999706381,-74.09940000011592,4.578727199999999,-74.1018289,ROOFTOP,"Cra. 12G #22-70, Bogotá, Colombia",OK
111850000740,COLEGIO FRANCISCO ANTONIO ZEA DE USME (IED),Usme,TV 2 A # 135 - 78 SUR,4.474350000451703,-74.12114999989356,4.472684399999999,-74.1218835,ROOFTOP,"Cl. 136 Sur #239, Bogotá, Colombia",OK
111850001380,COLEGIO EL CORTIJO - VIANEY (IED),Usme,KR 2 A # 74 B BIS - 00 SUR,4.517439999745456,-74.10670000027051,4.5150242,-74.1188543,ROOFTOP,"Cra. 2a #74b Bis Sur0, Bogotá, Colombia",OK
111001013820,COLEGIO SANTA LIBRADA (IED),Usme,CL 75 A SUR # 1 B - 45 ESTE,4.51429999987963,-74.11350999998034,4.5138622,-74.11312319999999,ROOFTOP,"Cl. 75b Sur #1b Este-1 a, Cra. 1b Este #65, Bogotá, Colombia",OK
111001024643,COLEGIO NUEVA ESPERANZA (IED),Usme,KR 14 ESTE # 76 - 79 SUR,4.513440000106934,-74.09102999955842,4.5136045,-74.09028649999999,GEOMETRIC_CENTER,"Cl. 76b Sur, Bogotá, Colombia",OK
111001030872,COLEGIO ESTANISLAO ZULETA (IED),Usme,KR 7 C ESTE # 92 - 48 SUR,4.498499999774054,-74.10050999980348,4.4979799,-74.1039101,ROOFTOP,"Cra. 5h Este #Sur-44 a, Calle 90 D Sur #2, Bogotá, Colombia",OK
111001041556,COLEGIO PROVINCIA DE QUEBEC (IED),Usme,CL 74 C SUR # 14 - 40 ESTE,4.515950000234491,-74.09102999955842,4.515975699999999,-74.0911136,ROOFTOP,"Cl. 74c Sur #14 Este40, Bogotá, Colombia",OK
111001077895,COLEGIO OFELIA URIBE DE ACOSTA (IED),Usme,TV 1 ESTE # 85 - 10 SUR,4.507009999831923,-74.1037000000224,4.5059829,-74.1029198,ROOFTOP,"Cl. 81a Sur #6 Este40, Bogotá, Colombia",OK
111001078638,COLEGIO EL VIRREY JOSE SOLIS (IED),Usme,KR 2 B ESTE # 92 - 41 SUR,4.502790000201618,-74.111649999557,4.502699100000001,-74.11170020000002,ROOFTOP,"Cra. 2b Este #92-41, Usme, Bogotá, Colombia",OK
111001094439,COLEGIO FERNANDO GONZALEZ OCHOA (IED),Usme,KR 4 # 89 - 43 SUR,4.502810000355228,-74.10700999989191,4.502410999999999,-74.10750080000001,ROOFTOP,"Cra. 4d Este #89 Sur77, Bogotá, Colombia",OK
111850001461,COLEGIO LOS TEJARES (IED),Usme,CL 79 SUR # 3 - 48 ESTE,4.510820000184227,-74.1032499997606,4.5129281,-74.1083924,ROOFTOP,"Cl. 75c Bis Sur #5-41, Usme, Bogotá, Cundinamarca, Colombia",OK
111850001576,COLEGIO FEDERICO GARCIA LORCA (IED),Usme,KR 5 # 83 - 3 SUR,4.50717000011692,-74.10711000034934,4.5068465,-74.1075863,ROOFTOP,"Cra. 4 Este #82 Sur45, Bogotá, Colombia",OK
111001010251,COLEGIO VENECIA (IED),Tunjuelito,KR 55 # 49 - 25 SUR,4.592029999863298,-74.14358000008676,4.5908685,-74.1441112,ROOFTOP,"Cra. 55 #49-25, Tunjuelito, Bogotá, Cundinamarca, Colombia",OK
111001011011,COLEGIO INSTITUTO TECNICO INDUSTRIAL PILOTO (IED),Tunjuelito,KR 35 # 51 B - 87 SUR,4.585470000263768,-74.13796999957788,4.5858453,-74.1381439,GEOMETRIC_CENTER,"#78 a Carrera 35 #48 Bogotá 5, Tunjuelito, Bogotá, Colombia",OK
111001014206,COLEGIO MARCO FIDEL SUAREZ (IED),Tunjuelito,DG 52 SUR # 25 - 00  --  KR 25 # 52 C - 92 SUR,4.57941000058859,-74.13317000007919,4.57789,-74.13759999999999,GEOMETRIC_CENTER,"Colegio Marco Fidel Suarez, Tunjuelito, Bogotá, Colombia",OK
111001018201,COLEGIO RUFINO JOSE CUERVO (IED),Tunjuelito,KR 12 # 52 - 20  SUR,4.5600699997980305,-74.12483999970466,4.559993599999999,-74.12989759999999,GEOMETRIC_CENTER,"Tunjuelito, Bogotá, Colombia",OK
111001032450,COLEGIO BERNARDO JARAMILLO (IED),Tunjuelito,DG 47 SUR # 19 B - 19,4.571300000053523,-74.12652000020293,4.571793599999999,-74.126291,ROOFTOP,"Cl. 47 Sur #19b19, Bogotá, Colombia",OK
111001800457,COLEGIO BICENTENARIO DE LA INDEPENDENCIA (IED),Bosa,CL 81 SUR # 81 - 75,4.614979999788188,-74.20380999981296,4.6147291,-74.2045335,GEOMETRIC_CENTER,"Unnamed Road, Bogotá, Colombia",OK
111001800678,COLEGIO PARQUES DE BOGOTA (IED),Bosa,CL 85 SUR # 94 - 55,4.625189999780595,-74.19228000007209,4.6253958,-74.2130371,GEOMETRIC_CENTER,"Bosa, Bogotá, Colombia",OK
111001801080,COLEGIO ESMERALDA ARBOLEDA CADAVID (IED),Bosa,CL 71 A SUR # 83 B - 30,4.615599999720742,-74.19447000020831,4.6155114,-74.19493419999999,ROOFTOP,"Cl. 71a Sur #83-20, Bogotá, Colombia",OK
111001801098,COLEGIO CIUDADELA EL RECREO SONIA OSORIO DE SAINT-MALO (IED),Bosa,KR 97 C # 65 - 02 SUR,4.633950000219883,-74.19916000010211,4.633773199999999,-74.1986608,ROOFTOP,"Cl. 63 Sur #97b, Bogotá, Colombia",OK
111001014109,COLEGIO BRASILIA - BOSA (IED),Bosa,CL 52 A SUR # 87 D - 45,4.628070000446891,-74.18131000019787,4.6281306,-74.18151449999999,ROOFTOP,"Cl. 53 Bis Sur #87-08, Bogotá, Colombia",OK
111001086606,COLEGIO LLANO ORIENTAL (IED),Bosa,CL 73 B SUR # 78 A BIS - 15,4.603399999900692,-74.19978000024324,4.6035029,-74.19982660000001,ROOFTOP,"Cl. 73b Sur #78a15, Bogotá, Colombia",OK
111001086754,COLEGIO LA CONCEPCION (IED),Bosa,KR 87 K # 69 - 40 SUR,4.622360000504822,-74.19491999957178,4.6274339,-74.19194879999999,ROOFTOP,"Cl. 59c Sur #88h-54, Bogotá, Colombia",OK
111001098876,COLEGIO LA ESPERANZA (IED),Bosa,CL 77 A SUR # 86 - 40,4.6098300000747825,-74.20486599997217,4.6092734,-74.2063242,GEOMETRIC_CENTER,"Cl. 78 Sur, Bogotá, Colombia",OK
111001098884,COLEGIO LOS NARANJOS (IED),Bosa,KR 80 M # 71 C - 31 SUR,4.6099500001365366,-74.202130000213,4.6089331,-74.1949185,ROOFTOP,"Cra. 80m #71C Sur-31, Bogotá, Colombia",OK
111001100064,COLEGIO ARGELIA (IED),Bosa,CL 60 SUR # 89 A - 12,4.611920000566281,-74.18641000017051,4.6117947,-74.18601079999999,ROOFTOP,"Cl. 63 Sur #81A-30, Bosa, Bogotá, Colombia",OK
111001100072,COLEGIO SANTIAGO DE LAS ATALAYAS (IED),Bosa,CL 61 SUR # 103 - 33,4.629430000493788,-74.19276999961855,4.6289258,-74.19291299999999,ROOFTOP,"Cra. 89a Bis A #34, Bogotá, Colombia",OK
111001104051,COLEGIO SAN IGNACIO (IED),Bosa,CL 56 F SUR # 91 D - 14,4.633020000033936,-74.18991000001083,4.6335669,-74.1890821,ROOFTOP,"Cl. 56f Sur #91D-14, Bogotá, Colombia",OK
111001104302,COLEGIO ORLANDO HIGUITA ROJAS (IED),Bosa,CL 57 SUR # 87 H - 03,4.628659999780879,-74.18926999977823,4.6253334,-74.1869732,GEOMETRIC_CENTER,"Bosa, Bogotá, Colombia",OK
111001104329,COLEGIO CARLOS PIZARRO LEON GOMEZ (IED),Bosa,CL 72 SUR # 100 A - 71,4.635560000595167,-74.20479999984993,4.6356492,-74.2051383,ROOFTOP,"Cl. 72 Sur #100a-71, Bogotá, Colombia",OK
111001107875,COLEGIO CIUDADELA EDUCATIVA DE BOSA (IED),Bosa,CL 52 SUR # 97 C - 35,4.640850000424904,-74.18717000005371,4.640378699999999,-74.1871649,ROOFTOP,"Cl. 52 Sur #97C - 35, Bogotá, Colombia",OK
111102000281,COLEGIO PABLO DE TARSO (IED),Bosa,CL 66 SUR # 78 J - 02,4.603769999715637,-74.1874300003447,4.6036299,-74.187392,ROOFTOP,"a 78h-98, Cl. 66 Sur #78h-2, Bogotá, Colombia",OK
111102000621,COLEGIO FRANCISCO DE PAULA SANTANDER (IED),Bosa,CL 61 SUR # 80 I - 40,4.610850000401573,-74.1848100000382,4.6107771,-74.1845972,ROOFTOP,"Cl. 61 Sur #80h28, Bogotá, Colombia",OK
111102000753,COLEGIO FERNANDO MAZUERA VILLEGAS (IED),Bosa,CL 68 A SUR # 80 H - 05,4.606899999816025,-74.19066999989403,4.6064342,-74.19088359999999,ROOFTOP,"Cl. 68a Sur #80h-5, Bogotá, Colombia",OK
211001076958,COLEGIO VILLAS DEL PROGRESO (IED),Bosa,KR 89 A BIS # 72 A - 13 SUR,4.625540000458894,-74.20073000009722,4.625165,-74.2007689,ROOFTOP,"Cra. 89 Bis #72 A 12 sur, Bogotá, Colombia",OK
211102000201,COLEGIO SAN BERNARDINO (IED),Bosa,KR 87 B # 79 C - 51 SUR,4.61799999998511,-74.20399999978375,4.6178694,-74.2042254,ROOFTOP,"Carrera #79-51 sur San Bernardo Localidad, Cl. 78 Sur #89c, Bogotá, Colombia",OK
211102000243,COLEGIO EL PORVENIR (IED),Bosa,CL 51 SUR # 91 D - 56,4.635850000550993,-74.18365000012192,4.635799,-74.18352449999999,ROOFTOP,"Cl. 51 Sur #91d 56, Bosa, Bogotá, Colombia",OK
111001013153,COLEGIO PAULO VI (IED),Kennedy,KR 78 P # 41 - 20 SUR,4.621639999885219,-74.15839999960565,4.6208918,-74.15792309999999,ROOFTOP,"Cra. 79 #41B-04, Bogotá, Colombia",OK
111001013161,COLEGIO SAN JOSE (IED),Kennedy,CL 42 A SUR # 79 D - 37,4.621449999848431,-74.16290999957441,4.6213858,-74.1633307,ROOFTOP,"a 79f-53, Cl. 42a Sur #79f1, Bogotá, Colombia",OK
111001013170,COLEGIO SAN RAFAEL (IED),Kennedy,CL 42 B SUR # 78 I - 05,4.617099999830025,-74.16136999971654,4.6103071,-74.1690165,ROOFTOP,"Cra. 78a #53A- 47 Sur, Kennedy, Bogotá, Colombia",OK
111001001279,COLEGIO DARIO ECHANDIA (IED),Kennedy,CL 5 A SUR # 88 B - 08,4.641830000236132,-74.1620700002236,4.642231799999999,-74.16156200000002,ROOFTOP,"Cra. 87h #29, Bogotá, Colombia",OK
111001011690,COLEGIO LA AMISTAD (IED),Kennedy,KR 78 # 35 - 30 SUR,4.62337000009143,-74.1482299997976,4.6232672,-74.1482363,ROOFTOP,"Cra. 78 #35 Sur30, Bogotá, Colombia",OK
111001012343,COLEGIO TOM ADAMS (IED),Kennedy,CL 40 J SUR # 78 - 08,4.618080000301815,-74.15570999987725,4.6183513,-74.1556224,ROOFTOP,"Cl. 40j Sur #78-08, Bogotá, Colombia",OK
111001012360,COLEGIO EL JAPON (IED),Kennedy,KR 78 G # 38 C - 11 SUR,4.621520000009294,-74.15350999969529,4.6219069,-74.153615,ROOFTOP,"Cra. 78g #38 71 38c Sur-1, Bogotá, Colombia",OK
111001013102,COLEGIO SAN PEDRO CLAVER (IED),Kennedy,KR 79 C # 41 B - 51 SUR,4.621810000346187,-74.16090000026156,4.621919399999999,-74.1607048,GEOMETRIC_CENTER,"Cra 79C #41a Sur-1 a 41a Sur-99, Bogotá, Colombia",OK
111001013129,COLEGIO CLASS (IED),Kennedy,KR 80 I # 57 B - 50 SUR,4.614109999893943,-74.17904999974147,4.610488699999999,-74.1741574,ROOFTOP,"Calle 57AS #78N-21, Kennedy, Bogotá, Colombia",OK
111001086771,COLEGIO INSTITUTO TECNICO RODRIGO DE TRIANA (IED),Kennedy,CL 38 SUR # 89 - 81,4.6402800004204705,-74.16746999977188,4.6401566,-74.1675254,ROOFTOP,"Cl. 38 Sur #89-81, Bogotá, Colombia",OK
111001098892,COLEGIO BELLAVISTA (IED),Kennedy,CL 40 SUR # 94 C - 50,4.64536000016948,-74.17319999993137,4.6455289,-74.1724309,ROOFTOP,"Cl. 40 Sur #94C-50, Bogotá, Colombia",OK
111001098906,COLEGIO EDUARDO UMAÑA LUNA (IED),Kennedy,KR 93 A # 42 A - 37 SUR,4.641660000110609,-74.17486000033816,4.641884399999999,-74.1746651,ROOFTOP,"Cra. 93a #42-42, Bogotá, Colombia",OK
111001100056,COLEGIO JAIME HERNANDO GARZON FORERO (IED),Bosa,TV 93 A # 49 - 45 SUR,4.638029999773478,-74.18234000041781,4.6258238,-74.1754605,ROOFTOP,"Tv. 85a #49 Sur85, Bogotá, Colombia",OK
111001104281,COLEGIO GABRIEL BETANCOURT MEJIA (IED),Kennedy,KR 87 A # 6 A - 23,4.644850000431368,-74.15578000019745,4.657353899999999,-74.15708049999999,ROOFTOP,"Cl. 8a Bis #94 – 72, Bogotá, Colombia",OK
111001106984,COLEGIO GENERAL GUSTAVO ROJAS PINILLA (IED),Kennedy,CL 11 B # 80 B - 61,4.648600000369773,-74.13966000012188,4.649231299999999,-74.14028689999999,ROOFTOP,"Carrera 84B #13-65, Kennedy, Bogotá, Colombia",OK
111001110477,COLEGIO NELSON MANDELA (IED),Kennedy,KR 90 A # 46 - 50 SUR,4.636100000355627,-74.17791999996243,4.6360851,-74.1779494,ROOFTOP,"Cra. 90a #45A-15, Bogotá, Colombia",OK
111001800431,COLEGIO LAS MARGARITAS (IED),Kennedy,KR 88 C # 43 - 53 SUR,4.633669999974911,-74.17456999990993,4.6335829,-74.1749735,GEOMETRIC_CENTER,"Bogotá, Colombia",OK
111001016071,COLEGIO ISABEL II (IED),Kennedy,DG 2 D # 79 C - 83,4.63357000043615,-74.15294999982865,4.6340626,-74.1531414,ROOFTOP,"Dg. 2d #79 C - 83, Bogotá, Colombia",OK
111001016098,COLEGIO ALQUERIA DE LA FRAGUA (IED),Kennedy,CL 37 B SUR # 68 D - 93,4.604959999800296,-74.13613000014435,4.6049897,-74.136236,ROOFTOP,"Cra. 68f #4 Sur98 684D, Bogotá, Colombia",OK
111001024732,COLEGIO INEM FRANCISCO DE PAULA SANTANDER (IED),Kennedy,CL 38 C SUR # 79 - 08,4.624700000152129,-74.15644999966895,4.625510999999999,-74.1557649,ROOFTOP,"Cl. 38c Sur #79-08, Kennedy, Bogotá, Colombia",OK
111001026964,COLEGIO JOHN F. KENNEDY (IED),Kennedy,KR 74 B # 38 A - 33 SUR,4.621880000471504,-74.15169000035327,4.6194482,-74.1504353,ROOFTOP,"Cra. 74b #38a Sur33, Bogotá, Colombia",OK
111001027308,COLEGIO PROSPERO PINZON (IED),Kennedy,CL 35 C SUR # 78 F - 81,4.624340000227326,-74.15107000021214,4.624339099999999,-74.1513993,ROOFTOP,"Cl. 35c Sur #78c-38, Bogotá, Colombia",OK
111001027405,COLEGIO JAIRO ANIBAL NIÑO (CED),Kennedy,KR 87 H BIS # 39 A - 23 SUR,4.636690000152706,-74.16705999969305,4.6372844,-74.1669706,GEOMETRIC_CENTER,"Cl. 39a Sur, Bogotá, Colombia",OK
111001029114,COLEGIO JACKELINE (IED),Kennedy,CL 45 A SUR # 77 Q - 49,4.608980000027107,-74.16284000015253,4.608901299999999,-74.1628413,GEOMETRIC_CENTER,"#77q- a 77q Calle 46 Sur #81c99, Kennedy, Bogotá, Colombia",OK
111001041475,COLEGIO SAN JOSE DE CASTILLA (IED),Kennedy,CL 7 C # 78 F - 20,4.637940000386431,-74.1440400003943,4.638044000000001,-74.14382049999999,ROOFTOP,"Cl. 7c #7820, Bogotá, Colombia",OK
111001079154,COLEGIO VILLA RICA (IED),Kennedy,KR 77 K BIS A # 50 - 26 SUR,4.605790000200869,-74.16711999996751,4.6111077,-74.1662803,ROOFTOP,"Cl. 49 Sur #78 35, Bogotá, Colombia",OK
111279001296,COLEGIO ATAHUALPA (IED),Fontibón,AK 116 # 22 I - 56,4.688270000114469,-74.14838999963116,4.6877243,-74.1491616,GEOMETRIC_CENTER,"Avenida 116, Fontibón, Bogotá, Colombia",OK
111001014346,COLEGIO RODRIGO ARENAS BETANCOURT (IED),Fontibón,AK 97 # 16 J - 15  --  CL 16 J # 97 - 20,4.670280000475231,-74.14448999975777,4.670836599999999,-74.1448702,ROOFTOP,"Cl. 16j #97-20, Bogotá, Colombia",OK
111001104272,COLEGIO CARLO FEDERICI (IED),Fontibón,CL 14 A # 108 - 78,4.6717300000636905,-74.15973000029955,4.6718761,-74.1595324,ROOFTOP,"Cl. 14 #108-78, Bogotá, Colombia",OK
111279000168,COLEGIO INSTITUTO TECNICO INTERNACIONAL (IED),Fontibón,KR 112 # 23 - 05,4.686740000200936,-74.14522000040205,4.6868365,-74.1453561,ROOFTOP,"Cra. 112 #23-5, Fontibón, Bogotá, Colombia",OK
111279000184,COLEGIO LUIS ANGEL ARANGO (IED),Fontibón,CL 23 G # 103 - 60,4.68213000046238,-74.13803999989806,4.683858799999999,-74.1388537,ROOFTOP,"Cra. 104a Bis #23g59, Bogotá, Colombia",OK
111279000966,COLEGIO INTEGRADO DE FONTIBON IBEP (IED),Fontibón,AK 106 # 18 - 77,4.6782500005555265,-74.1474199996857,4.6784661,-74.1472811,ROOFTOP,"Cra. 106 #2577, Fontibón, Bogotá, Cundinamarca, Colombia",OK
111001000272,COLEGIO INSTITUTO TECNICO LAUREANO GOMEZ (IED),Engativá,CL 90 A # 95 D - 56  --  KR 95 G # 90 A - 40,4.718000000528731,-74.10140000028133,4.7184913,-74.101698,ROOFTOP,"Cl. 90 #95F 40, Bogotá, Colombia",OK
111001001121,COLEGIO MARCO TULIO FERNANDEZ (IED),Engativá,CL 63 B # 71 A - 16,4.6742800005248135,-74.10225999972363,4.6737187,-74.10161339999999,ROOFTOP,"Cl. 63b #70C-19, Bogotá, Colombia",OK
111001001538,COLEGIO NUEVA CONSTITUCION (IED),Engativá,KR 107 B # 74 B - 31,4.710890000460284,-74.12183000030913,4.7109394,-74.1218564,GEOMETRIC_CENTER,"Cra. 107b, Bogotá, Colombia",OK
111001000078,COLEGIO DE CULTURA POPULAR (IED),Puente Aranda,KR 51 # 16 - 64 SUR,4.606270000368061,-74.12045000028482,4.6062129,-74.1202236,ROOFTOP,"Cra. 51 #31S-18, Bogotá, Colombia",OK
111001014486,COLEGIO REPUBLICA DE MEXICO (IED),Ciudad Bolívar,CL 64 SUR # 16 D - 50,4.5552499997944755,-74.13648999999445,4.554807200000001,-74.136337,ROOFTOP,"Cl. 64 Sur #17-50 Sur, Bogotá, Colombia",OK
111001020320,COLEGIO ISMAEL PERDOMO (IED),Ciudad Bolívar,CL 64 SUR # 71 F - 18,4.587260000375185,-74.16510999975637,4.5872609,-74.1654229,ROOFTOP,"Cl. 65 Sur #71F-18, Bogotá, Colombia",OK
111001027251,COLEGIO LEON DE GREIFF (IED),Ciudad Bolívar,KR 17 B BIS A # 67 - 30 SUR,4.551040000271202,-74.13848000011411,4.550814799999999,-74.13824559999999,ROOFTOP,"Cra. 17b #68-16, Cdad. Bolívar, Bogotá, Colombia",OK
111001030821,COLEGIO SANTA BARBARA (IED),Ciudad Bolívar,KR 18 T # 65 A - 27 SUR,4.552610000436166,-74.14291999976267,4.5574723,-74.1487435,ROOFTOP,"Cra. 18x #68 -02, Bogotá, Colombia",OK
111001030830,COLEGIO UNION EUROPEA (IED),Ciudad Bolívar,KR 18 M # 63 B - 09 SUR,4.555840000256322,-74.14162000010431,4.556496099999999,-74.1416972,ROOFTOP,"Cra. 18m #63d Sur9, Bogotá, Colombia",OK
111001047571,COLEGIO ARBORIZADORA ALTA (IED),Ciudad Bolívar,KR 43 # 70 A - 50 SUR,4.569089999936828,-74.1573400001468,4.5647506,-74.162639,ROOFTOP,"Cl. 72b Sur #35b-24, Bogotá, Colombia",OK
111001076937,COLEGIO SAN FRANCISCO (IED),Ciudad Bolívar,KR 22 # 64 - 29 SUR,4.566020000383472,-74.14681999963607,4.5660343,-74.1467735,ROOFTOP,"Cra. 22 #64 Sur-29, Bogotá, Colombia",OK
111001033928,COLEGIO EL TESORO DE LA CUMBRE (IED),Ciudad Bolívar,TV 18 H # 77 A - 95 SUR,4.538909999712579,-74.14903999990952,4.538952099999999,-74.149102,ROOFTOP,"Cl. 78 Bis ASur #18j41 18j- a 18j, Bogotá, Colombia",OK
111001036781,COLEGIO RODRIGO LARA BONILLA (IED),Ciudad Bolívar,KR 43 A # 66 - 51 SUR,4.573300000191927,-74.15407999960769,4.5711222,-74.1529137,ROOFTOP,"Calle 64 #29-19, Cdad. Bolívar, Bogotá, Colombia",OK
111001046663,COLEGIO VILLAMAR (IED),Ciudad Bolívar,KR 18 M # 69 J - 25 SUR,4.553470000158164,-74.15268000039022,4.553376,-74.15272379999999,ROOFTOP,"# 69J-, Cra. 18 #14b25, Cdad. Bolívar, Magangué, Bogotá, Bolívar, Colombia",OK
111001047457,COLEGIO LA ARABIA (IED),Ciudad Bolívar,KR 18 H # 81 D - 69 SUR IN 1,4.533819999753967,-74.14723999976063,4.5334313,-74.1472474,ROOFTOP,"Cra. 18g #81g Sur-10, Cdad. Bolívar, Bogotá, Cundinamarca, Colombia",OK
111001012963,COLEGIO TECNICO BENJAMIN HERRERA (IED),Puente Aranda,KR 51 A # 26 - 38 SUR,4.603399999900692,-74.12388999985069,4.6015877,-74.1213101,ROOFTOP,"Cl. 29 Sur #41 A-42, Puente Aranda, Bogotá, Colombia",OK
111001010928,COLEGIO RESTREPO MILLAN (IED),Rafael Uribe Uribe,CL 40 SUR # 23 - 25,4.579320000046801,-74.12079000004344,4.579139899999999,-74.1212042,ROOFTOP,"Calle 40 #24-55, Bogotá, Colombia",OK
111001014826,COLEGIO MARCO ANTONIO CARREÑO SILVA (IED),Puente Aranda,CL 17 B SUR # 34 A - 21,4.59787000039278,-74.11278000023438,4.6029848,-74.1092482,ROOFTOP,"a 35-44,, Cl. 1b #352, Bogotá, Colombia",OK
111001000612,COLEGIO FEMENINO LORENCITA VILLEGAS DE SANTOS (IED),Barrios Unidos,KR 52 # 76 - 63,4.672620000400681,-74.07194000027027,4.6726127,-74.0717872,ROOFTOP,"Cra. 52 #76-98 76-2 a, Bogotá, Colombia",OK
111001014001,COLEGIO EDUARDO SANTOS (IED),Los Mártires,KR 19 A BIS # 1 C - 55,4.594400000410393,-74.09220000041876,4.5940727,-74.0932922,ROOFTOP,"55, Cra. 19b Bis #1 C, El Vergel, Bogotá, Colombia",OK
111001016250,COLEGIO REPUBLICA BOLIVARIANA DE VENEZUELA (IED),Los Mártires,CL 22 A # 18 B - 42,4.6151500000546575,-74.07946999968033,4.6183581,-74.0831092,ROOFTOP,"52, Cl. 22A #25, Los Mártires, Bogotá, Colombia",OK
111001014885,COLEGIO JULIO GARAVITO ARMERO (IED),Puente Aranda,CL 40 B SUR # 52 C - 60,4.599620000427473,-74.13423000043635,4.5997486,-74.1306984,ROOFTOP,"Entre Carrera 68 y Carrera 52C, Cl. 40b Sur #52C-60, Puente Aranda, Bogotá, Colombia",OK
111001012611,COLEGIO BRAVO PAEZ (IED),Rafael Uribe Uribe,CL 37 SUR # 23 - 51,4.579830000280984,-74.11900999998606,4.580047299999999,-74.11913299999999,GEOMETRIC_CENTER,"Calle 37 sur No. 23-51, Cl. 35B Sur, Tunjuelito, Bogotá, Colombia",OK
111001012815,COLEGIO QUIROGA ALIANZA (IED),Rafael Uribe Uribe,KR 23 # 35 - 20 SUR,4.579700000168032,-74.11729000020313,4.5795736,-74.1177118,ROOFTOP,"35-20 Carrera 23, Cl. 33 Sur #23 F 21, Rafael Uribe Uribe, Bogotá, Colombia",OK
111001012971,COLEGIO RAFAEL DELGADO SALGUERO (IED),Rafael Uribe Uribe,KR 26 B # 35 B - 49 SUR,4.584760000207733,-74.12036999991888,4.5847848,-74.1204463,GEOMETRIC_CENTER,"Carrera 27 Diagonal 49 Sur 37, Rafael Uribe Uribe, Bogotá, Colombia",OK
111001013811,COLEGIO SAN AGUSTIN (IED),Rafael Uribe Uribe,CL 50 A SUR # 5 C - 40,4.547479999949611,-74.11402999966403,4.5472392,-74.1139376,ROOFTOP,"Cl. 50a Sur #5C-40, Bogotá, Colombia",OK
111001010421,COLEGIO JORGE ELIECER GAITAN (IED),Barrios Unidos,CL 66 A # 56 - 25,4.665070000107345,-74.0810799998584,4.6651644,-74.0811374,ROOFTOP,"Cl 72 #60, Bogotá, Colombia",OK
111001019526,COLEGIO LICEO NACIONAL ANTONIA SANTOS (IED),Los Mártires,KR 22 # 12 - 49,4.6082999999733545,-74.08799000002564,4.6082561,-74.08802759999999,ROOFTOP,"Cra. 22 #1249, Bogotá, Colombia",OK
111001020401,ESCUELA TECNOLOGICA INSTITUTO TECNICO CENTRAL,Los Mártires,CL 13 # 16 - 74,4.605740000258094,-74.08192000010754,4.6057739,-74.0818858,ROOFTOP,"Cl. 13 #16-74, Bogotá, Colombia",OK
111001025313,COLEGIO LICEO NACIONAL AGUSTIN NIETO CABALLERO (IED),Los Mártires,KR 19 # 11 - 17,4.605500000483872,-74.08591000039262,4.605596999999999,-74.085871,ROOFTOP,"Cra 19 #1117, Bogotá, Colombia",OK
111001014028,COLEGIO REPUBLICA FEDERAL DE ALEMANIA (IED),Rafael Uribe Uribe,KR 24 # 44 - 05 SUR  --  KR 23 B # 44 - 05 SUR,4.578670000573223,-74.12532000010368,4.578682,-74.12536,ROOFTOP,"Kr 24 #44 Sur5, Bogotá, Colombia",OK
111001014591,COLEGIO MANUEL DEL SOCORRO RODRIGUEZ (IED),Rafael Uribe Uribe,TV 23 # 44 - 90 SUR,4.577640000391058,-74.12603999980391,4.5830974,-74.128343,GEOMETRIC_CENTER,"Cra. 27 #45 Sur-21 a 45 Sur-91, Rafael Uribe Uribe, Bogotá, Colombia",OK
111001014958,COLEGIO CLEMENCIA HOLGUIN DE URDANETA (IED),Rafael Uribe Uribe,CL 30 SUR # 18 - 25,4.579150000186416,-74.11053999986946,4.5792339,-74.11059750000001,ROOFTOP,"Cl. 29 Sur #29b-61, Bogotá, Colombia",OK
111001028258,COLEGIO RAFAEL BERNAL JIMENEZ (IED),Barrios Unidos,KR 53 # 75 - 17,4.671850000346021,-74.07350000021964,4.6720196,-74.0737324,ROOFTOP,"Cra. 53 #75-17, Bogotá, Colombia",OK
111001029912,COLEGIO JUAN FRANCISCO BERBEO (IED),Barrios Unidos,KR 28 B # 78 - 40,4.671040000503772,-74.06687000043488,4.6704819,-74.06732579999999,ROOFTOP,"Cra. 28b #78-30/40, Barrios Unidos, Bogotá, Colombia",OK
111001032255,COLEGIO TOMAS CARRASQUILLA (IED),Barrios Unidos,CL 74 A # 63 - 04,4.675960000077028,-74.08055000012898,4.6758428,-74.0801639,ROOFTOP,"Cl. 74 #62-44, Bogotá, Colombia",OK
111001015172,COLEGIO ALEJANDRO OBREGON (IED),Rafael Uribe Uribe,CL 30 SUR # 15 - 45,4.576520000518716,-74.10887000031525,4.5764002,-74.10873389999999,GEOMETRIC_CENTER,"Cl. 30 Sur #15-45, Barrio Gustavo Restrepo, Localidad, Rafael Uribe Uribe, 18, Bogotá, Colombia",OK
111001028380,COLEGIO PALERMO SUR (CED),Rafael Uribe Uribe,KR 2 B # 49 D - 41 SUR,4.543150000174058,-74.10973999980328,4.5391137,-74.1078459,APPROXIMATE,"Palermo Sur, Usme, Bogotá, Bogota, Colombia",OK
111001011908,COLEGIO ESCUELA NORMAL SUPERIOR DISTRITAL MARIA MONTESSORI (IED),Antonio Nariño,CL 14 SUR # 14 - 36/20,4.585199999997685,-74.09697999982595,4.5852908,-74.0969902,ROOFTOP,"Cl. 14 Sur #14-20, Bogotá, Colombia",OK
111001034134,COLEGIO CLEMENCIA DE CAYCEDO (IED),Rafael Uribe Uribe,CL 32 SUR # 22 - 30,4.580680000161699,-74.11474000021683,4.580715100000001,-74.1144367,ROOFTOP,"Cl. 32 Sur #22-30, Bogotá, Colombia",OK
311001087547,COLEGIO NAVAL SANTA FE DE BOGOTA,Barrios Unidos,CL 66 C # 66 - 15,4.67168000031303,-74.08821000013369,4.6715818,-74.0882909,ROOFTOP,"Colegio Naval, Cl. 66c #66 15, Barrios Unidos, Bogotá, Colombia",OK
111001086720,COLEGIO TECNICO JAIME PARDO LEAL (IED),Antonio Nariño,KR 10 A # 3 - 63 SUR,4.586089999924697,-74.08840000010449,4.5866751,-74.0882357,GEOMETRIC_CENTER,"Carrera 10 #3 - 63 sur, Policarpa Salvatierra, Antonio Nariño, Bogotá, Bogotá D.C, Colombia",OK
111001041611,COLEGIO DIANA TURBAY (IED),Rafael Uribe Uribe,DG 48 Z SUR # 4 B - 10,4.54755000019344,-74.11009999965339,4.5473417,-74.1098003,ROOFTOP,"Colegio Distrital, Cl. 48z Sur #48-10, Bogotá, Colombia",OK
111001098965,COLEGIO SANTA LUCIA (IED),Rafael Uribe Uribe,DG 36 SUR # 16 B - 26,4.573970000037361,-74.11730000024887,4.5740123,-74.11780519999999,ROOFTOP,"Dg. 36 Sur #16b-26, Bogotá, Colombia",OK
111001102091,COLEGIO COLOMBIA VIVA (IED),Rafael Uribe Uribe,KR 5 A # 48 M - 50 SUR,4.553500000525598,-74.10766000017024,4.5534078,-74.10771609999999,ROOFTOP,"Transversal 5A, Cl. 50 Sur #48M, Bogotá, Colombia",OK
111001010731,COLEGIO MANUELA BELTRAN (IED),Teusaquillo,KR 14 A # 57 - 28,4.644450000466479,-74.06642000017307,4.6296734,-74.0816684,ROOFTOP,"Cra. 32A #27-18, Teusaquillo, Bogotá, Colombia",OK
111001094897,COLEGIO TECNICO PALERMO (IED),Teusaquillo,KR 23 # 49 - 37,4.638110000512349,-74.07422999996561,4.6380458,-74.074187,ROOFTOP,"Cra. 23 #49-37, Teusaquillo, Bogotá, Colombia",OK
111001013323,COLEGIO INTEGRADA LA CANDELARIA (IED),La Candelaria,CL 12 C  # 1 A - 24,4.598240000395233,-74.06926999973504,4.598771699999999,-74.069323,ROOFTOP,"Cra. 2 #12c, Bogotá, Colombia",OK
111001010740,COLEGIO INSTITUTO TECNICO INDUSTRIAL FRANCISCO JOSE DE CALDAS (IED),Engativá,KR 68 F # 63 B - 02,4.668900000509377,-74.0953999997851,4.6678123,-74.0949523,ROOFTOP,"Cra. 68f #63B-02, Engativá, Bogotá, Colombia",OK
111001012459,COLEGIO SAN JOSE NORTE (IED),Engativá,KR 84 # 75 A - 09  --  KR 84 A # 75 A - 08,4.699279999803044,-74.10200000033096,4.6987217,-74.1018352,ROOFTOP,"Cra. 84 #75a-9, Bogotá, Colombia",OK
111001012483,COLEGIO TABORA (IED),Engativá,KR 77 B # 74 A - 02,4.694050000379043,-74.0979899999544,4.6934254,-74.0986534,ROOFTOP,"06/02, Cra. 77b #74A, Engativá, Bogotá, Colombia",OK
111001104043,COLEGIO JOSE MARIA VELAZ (IED),Suba,KR 131 # 133 - 44,4.744629999962132,-74.11258000021782,4.744591799999999,-74.1121225,ROOFTOP,"Cra. 131 #134-44, Suba, Bogotá, Colombia",OK
111001104256,COLEGIO DELIA ZAPATA OLIVELLA (IED),Suba,CL 144 C # 141 A - 51,4.753209999983457,-74.11333000005529,4.7526578,-74.1130357,ROOFTOP,"Cl. 144c #141A-51, Suba, Bogotá, Colombia",OK
111001104388,COLEGIO GONZALO ARANGO (IED),Suba,CL 130 C # 97 - 71  --  CL 130 A # 98 - 71,4.730180000501628,-74.09467000003914,4.729149899999999,-74.0950527,ROOFTOP,"Cra. 97 #130b-7, Bogotá, Colombia",OK
111001015458,COLEGIO FLORIDABLANCA (IED),Engativá,CL 70 A # 94 - 38,4.698010000460798,-74.1142599998178,4.6979622,-74.11376469999999,ROOFTOP,"Cl. 70A #94 - 38, Bogotá, Colombia",OK
111001107077,COLEGIO VEINTIUN ANGELES (IED),Suba,KR 90 # 154 A - 09,4.749449999962337,-74.08035000011243,4.748945099999999,-74.0805803,ROOFTOP,"Cra. 90 #154a75, Bogotá, Colombia",OK
111001025216,COLEGIO VILLA AMALIA (IED),Engativá,KR 110 B # 71 C - 45,4.710950000372349,-74.1258699999246,4.710270299999999,-74.12597699999999,ROOFTOP,"Cra. 110 #71a-10, Bogotá, Colombia",OK
111001800813,COLEGIO COMPARTIR SUBA (IED),Suba,KR 128 # 146 - 52,4.754960000478343,-74.1064099998423,4.7556786,-74.1058422,ROOFTOP,"Cra. 128 #146-52, Suba, Bogotá, Colombia",OK
111001801250,COLEGIO JAIME NIÑO DIEZ (IED),Suba,KR 109 B # 145 - 17,4.748860000578705,-74.09905000031156,4.7490703,-74.09908709999999,GEOMETRIC_CENTER,"Suba, Bogotá, Colombia",OK
111001801349,COLEGIO ELISA MUJICA VELASQUEZ (IED),Suba,KR 132 # 133 - 30,4.744589999876982,-74.11293000002219,4.744278899999999,-74.1128638,ROOFTOP,"Cra. 132 #133-30, Bogotá, Colombia",OK
111001034002,COLEGIO GUILLERMO LEON VALENCIA (IED),Engativá,KR 93 A # 75 B - 80,4.704440000323149,-74.10850000041938,4.7043278,-74.1083464,ROOFTOP,"Cra. 93a #75b80, Bogotá, Colombia",OK
111001036625,COLEGIO INSTITUTO TECNICO DISTRITAL REPUBLICA DE GUATEMALA (IED),Engativá,CL 78 BIS # 69 T - 45,4.690159999805551,-74.08679999997216,4.690179,-74.0868519,GEOMETRIC_CENTER,"Calle 78 Bis ##68a45, Engativá, Bogotá, Cundinamarca, Colombia",OK
111001108456,COLEGIO TOMAS CIPRIANO DE MOSQUERA (IED),Engativá,TV 113 # 66 - 95,4.708129999804765,-74.13458000024073,4.7082345,-74.13448799999999,ROOFTOP,"Transv. 113 #66-95, Engativá, Bogotá, Colombia",OK
111001108901,COLEGIO CHARRY (IED),Engativá,KR 109 A # 77 A - 16,4.714020000002777,-74.12030999964442,4.711120699999999,-74.1000227,ROOFTOP,"Cra. 92 #87a-60, Bogotá, Colombia",OK
111001109550,COLEGIO RODOLFO LLINAS (IED),Engativá,DG 86 A # 103 C - 80,4.719730000290949,-74.10907000033178,4.719807299999999,-74.1090869,ROOFTOP,"Dg 86a #103C - 80, Bogotá, Colombia",OK
111769003122,COLEGIO VILLA ELISA (IED),Suba,CL 132 C # 92 A - 71,4.732400000106242,-74.08788999956822,4.7323197,-74.0878611,ROOFTOP,"Cl 132 #92 -71, Bogotá, Colombia",OK
111769003360,COLEGIO REPUBLICA DOMINICANA (IED),Suba,CL 131 A # 125 - 43,4.739260000262074,-74.10896999987435,4.7348582,-74.107789,ROOFTOP,"Cra. 123 #129d59 129d- 129d, Bogotá, Colombia",OK
111001801071,COLEGIO LUCILA RUBIO DE LAVERDE (IED),Engativá,CL 78 C # 130 - 01,4.725149999717814,-74.13642999972,4.7247325,-74.13672,ROOFTOP,"Dg. 77b #129-70, Bogotá, Colombia",OK
111265000343,COLEGIO ANTONIO VILLAVICENCIO (IED),Engativá,CL 65 # 112 A - 39,4.705099999818216,-74.13423999958378,4.705114099999999,-74.13435009999999,ROOFTOP,"Cl. 65a #112a 39, Bogotá, Colombia",OK
111265000394,COLEGIO SIMON BOLIVAR (IED),Engativá,KR 92 # 87 A - 60,4.71147999996754,-74.09983000028623,4.7383758,-74.0841057,ROOFTOP,"Cra. 90 #145-39, Suba, Bogotá, Colombia",OK
111265000408,COLEGIO NIDIA QUINTERO DE TURBAY (IED),Engativá,CL 75 # 90 - 75,4.701990000361813,-74.10815999976245,4.656976,-74.0536788,ROOFTOP,"B # 87, Dg. 74 #640, Chapinero, Bogotá, Colombia",OK
111001002330,COLEGIO LA GAITANA (IED),Suba,TV 126 # 134 - 88,4.742219999872693,-74.10861000002423,4.710988599999999,-74.072092,GEOMETRIC_CENTER,"Bogotá, Colombia",OK
111001015776,COLEGIO INSTITUTO TECNICO DISTRITAL JULIO FLOREZ (IED),Suba,CL 102 A # 70 - 40,4.695959999743542,-74.074110000315,4.687161199999999,-74.0775216,ROOFTOP,"Cra 68B #94-12, Bogotá, Colombia",OK
111001092983,COLEGIO VISTA BELLA (IED),Suba,CL 167 A # 54 B - 40,4.749830000238859,-74.05444000017042,4.7484215,-74.0552651,GEOMETRIC_CENTER,"Suba, Bogotá, Colombia",OK
111001086835,COLEGIO SIERRA MORENA (IED),Ciudad Bolívar,CL 75 C SUR # 71 - 03,4.574860000506683,-74.16958000044046,4.5708521,-74.16969639999999,ROOFTOP,"Cra. 46a #1 a 80, Bogotá, Colombia",OK
111001092410,COLEGIO LA ESTANCIA - SAN ISIDRO LABRADOR (IED),Ciudad Bolívar,CL 59 A SUR # 75 B - 75,4.5927000000608444,-74.17608999967632,4.592969699999999,-74.1761202,ROOFTOP,"Cl. 59a Sur #75B - 75, Bogotá, Colombia",OK
111001098973,COLEGIO LA JOYA (IED),Ciudad Bolívar,CL 80 A SUR # 18 C - 70,4.536739999710404,-74.14560000034365,4.5372321,-74.1451423,ROOFTOP,"Cl. 80a Sur #70, Cdad. Bolívar, Bogotá, Colombia",OK
111001100021,COLEGIO GIMNASIO SABIO CALDAS (IED),Ciudad Bolívar,KR 42 # 73 A - 10 SUR,4.56794000036595,-74.16374999982354,4.5679661,-74.163783,ROOFTOP,"Cra. 72C #24, Bogotá, Colombia",OK
111001107816,COLEGIO CUNDINAMARCA (IED),Ciudad Bolívar,CL 60 A SUR # 73 - 41,4.561979999872578,-74.13829000014331,4.590614800000001,-74.1693848,GEOMETRIC_CENTER,"cin kr 73, Cl. 62d Sur, Bogotá, Colombia",OK
111001107859,COLEGIO ANTONIO GARCIA (IED),Ciudad Bolívar,KR 17 F # 73 A - 31 SUR,4.544349999749634,-74.13916999967712,4.5451767,-74.13922339999999,ROOFTOP,"Cra. 17f #73 A - 31 SUR, Cdad. Bolívar, Bogotá, Colombia",OK
111001109304,COLEGIO FANNY MIKEY (IED),Ciudad Bolívar,KR 18 N # 70 A - 51 SUR,4.549509999781747,-74.15289999959994,4.5497249,-74.1524306,ROOFTOP,"Cra. 18n #70a Sur25, Bogotá, Colombia",OK
111001800414,COLEGIO EL ENSUEÑO (IED),Ciudad Bolívar,CL 68 SUR # 69 - 80/82,4.583860000119062,-74.15896000037061,4.5860924,-74.1583737,ROOFTOP,"Tv. 70c #11 a 67a, Bogotá, Colombia",OK
111001800635,COLEGIO EL NOGAL (IED),Ciudad Bolívar,TV 54 # 71 - 09 SUR,4.576450000412551,-74.16460000011841,4.5756158,-74.1648227,ROOFTOP,"Tv. 54 #71 Sur, Bogotá, Colombia",OK
311001075034,COLEGIO CANADA (IED),Ciudad Bolívar,CL 76 SUR # 24 A - 11,4.541210000293012,-74.15460000018969,4.5410676,-74.1545988,GEOMETRIC_CENTER,"a 76 72, Cra. 24a, Bogotá, Colombia",OK
111001000132,COLEGIO AQUILEO PARRA (IED),Usaquén,KR 18 A # 187 - 67/65,4.765730000174116,-74.03917000038972,4.7667753,-74.039388,ROOFTOP,"Cra. 18a #187 - 67, Bogotá, Colombia",OK
111001098612,COLEGIO LA ESTRELLITA (IED),Usaquén,KR 4 # 187 B - 37,4.764370000036219,-74.02405000039685,4.764505199999999,-74.0251378,ROOFTOP,"Cra. 4 B, Bogotá, Colombia",OK
111001010839,COLEGIO EXTERNADO NACIONAL CAMILO TORRES (IED),Santa Fé,KR 7 # 33 - 64,4.6204000001877406,-74.06737000002705,4.6204938,-74.06705149999999,ROOFTOP,"Ak 7 #3364, Bogotá, Colombia",OK
111001011975,COLEGIO GRAN COLOMBIA (CED),San Cristóbal,KR 19A ESTE # 9A-26 SUR  --  KR 22 ESTE # 11 - 14 SUR,4.568080000443431,-74.07013000007568,4.5673921,-74.0688361,ROOFTOP,"Cra. 19a Este #9a Sur10, Bogotá, Colombia",OK
111001014176,COLEGIO TECNICO SAN CRISTOBAL SUR (IED),San Cristóbal,KR 10 D ESTE # 17 B - 46 SUR,4.569690000265526,-74.07944999958885,4.5695693,-74.0791787,ROOFTOP,"Cra. 10 D Este # 14 17B-46Sur, Bogotá, Colombia",OK
111001014451,COLEGIO JOSE ACEVEDO Y GOMEZ (IED),San Cristóbal,KR 9 B ESTE # 28 - 81 SUR,4.562380000529463,-74.08368000007344,4.562308499999999,-74.0836671,GEOMETRIC_CENTER,"CL 30 A # A Calle 78 Sur 459, San Cristóbal, Bogotá, Colombia",OK
111001030066,COLEGIO MANUELITA SAENZ (IED),San Cristóbal,KR 3 ESTE # 18 A - 34 SUR,4.571300000053523,-74.08537999976487,4.5709585,-74.0853278,ROOFTOP,"Cra. 3 Este #25 Sur34, Bogotá, Colombia",OK
111001032280,COLEGIO TECNICO TOMAS RUEDA VARGAS (IED),San Cristóbal,KR 5 ESTE # 25 - 51 SUR,4.565170000121377,-74.0870700003089,4.5646603,-74.08715269999999,ROOFTOP,"Cra. 5 Este #26-91, San Cristóbal, Bogotá, Colombia",OK
111001801047,COLEGIO GLORIA VALENCIA DE CASTAÑO (IED),San Cristóbal,KR 15 ESTE # 63 - 30 SUR,4.5318300001521665,-74.08704000017165,4.526390699999999,-74.08680930000001,GEOMETRIC_CENTER,"Ak. 15 Este #61a Sur-9 a 61a Sur-21, Bogotá, Colombia",OK
111001098850,COLEGIO CHUNIZA FAMACO (IED),Usme,AC 91 SUR # 4 - 22 ESTE,4.497020000548819,-74.10424999984332,4.5017532,-74.10808759999999,ROOFTOP,"Carrera 1 C Este #91B - 04 Sur, Usme, Bogotá, Colombia",OK
111001098868,COLEGIO LUIS EDUARDO MORA OSEJO (IED),Usme,CL 95 SUR # 3 - 00 ESTE,4.5004700001455005,-74.11225999965238,4.5036714,-74.11882550000001,ROOFTOP,"Cl. 97B Sur #14B 64, Bogotá, Colombia",OK
111001102008,COLEGIO JUAN LUIS LONDOÑO (IED),Usme,KR 1 C ESTE # 66 A - 20 SUR,4.532179999939218,-74.11506999992969,4.5312633,-74.1149453,ROOFTOP,"Cra 7H 66A #20 sur, Usme, Bogotá, Colombia",OK
111850001428,COLEGIO ALMIRANTE PADILLA (IED),Usme,CL 76 A SUR # 1 D - 59 ESTE,4.512290000484711,-74.11191999989376,4.5123147,-74.1122085,ROOFTOP,"Cl. 76a Sur #1d Este, Bogotá, Colombia",OK
211850000051,COLEGIO GRAN YOMASA (IED),Usme,CL 81 C SUR # 2 BIS - 00 ESTE,4.508159999753879,-74.10957999996971,4.507439499999999,-74.1100482,APPROXIMATE,"Gran Yomasa, Usme, Bogotá, Bogota, Colombia",OK
211850000787,COLEGIO TENERIFE - GRANADA SUR (IED),Usme,KR 2 # 91 - 14 SUR,4.498639999871822,-74.10780999995808,4.5074561,-74.11554819999999,ROOFTOP,"Cra. 14B Bis #91 Sur14, Bogotá, Colombia",OK
211850001481,COLEGIO FABIO LOZANO SIMONELLI (IED),Usme,KR 4 ESTE # 65 - 31 SUR,4.533150000126392,-74.10929999958724,4.5328987,-74.10402169999999,GEOMETRIC_CENTER,"Calle 63 Sur # 16A63, La Fiscala Alta, Bogotá, Colombia",OK
111001010910,COLEGIO NACIONAL NICOLAS ESGUERRA (IED),Kennedy,CL 9 C # 68 - 52,4.633800000070483,-74.1244199995801,4.6329592,-74.1221276,GEOMETRIC_CENTER,"Calle 9c #68-52 Bogotá Lusitania, Kennedy, Bogotá, Colombia",OK
111001014290,COLEGIO MARSELLA (IED),Kennedy,KR 69 # 7 - 90,4.632070000285066,-74.12738999969098,4.63095,-74.12789,GEOMETRIC_CENTER,"IED Marsella, Kennedy, Bogotá, Colombia",OK
111001024660,COLEGIO FERNANDO SOTO APARICIO (IED),Kennedy,KR 73 A BIS B # 36 - 47 SUR,4.61884999997846,-74.14752000014312,4.618939399999999,-74.1475049,ROOFTOP,"Tv. 73c Bis B #1 a 99, Bogotá, Colombia",OK
111001034045,COLEGIO LA FLORESTA SUR (IED),Kennedy,KR 68 B BIS # 1 - 09 SUR,4.620699999865764,-74.12730000017761,4.6224047,-74.1270665,ROOFTOP,"Cra. 68a Bis #01-09, Bogotá, Colombia",OK
111001800554,COLEGIO EMMA REYES (IED),Kennedy,TV 78 C # 6 D - 49,4.634300000146289,-74.14550999993196,4.6368911,-74.1509138,GEOMETRIC_CENTER,"Cra. 82 Bis, Bogotá, Colombia",OK
111001801241,COLEGIO FELIZA BURSZTYN (IED),Kennedy,CL 1 # 69 A - 07,4.621850000290701,-74.12948000026807,4.6213343,-74.1292303,ROOFTOP,"Cl. 1 #69a-7, Bogotá, Colombia",OK
111001006483,COLEGIO ANTONIO NARIÑO (IED),Engativá,KR 77 A # 67 - 17,4.685770000129998,-74.10401999968954,4.682983999999999,-74.10069899999999,ROOFTOP,"Cl. 67 #73a15, Bogotá, Colombia",OK
111001009580,COLEGIO INSTITUTO TECNICO JUAN DEL CORRAL (IED),Engativá,KR 69 B # 79 A - 42,4.68723000049107,-74.08251000011141,4.671679,-74.0951187,ROOFTOP,"B # 79 A, Cra. 69 #64a42, Engativá, Bogotá, Colombia",OK
111001011070,COLEGIO MIGUEL ANTONIO CARO (IED),Engativá,TV 94 # 81 A - 29,4.708299999918379,-74.10493000025888,4.70844,-74.104878,ROOFTOP,"Tv. 94 #81A-29, Bogotá, Colombia",OK
111001015814,COLEGIO REPUBLICA DE CHINA (IED),Engativá,KR 92 # 82 - 20,4.707700000069245,-74.103819999673,4.707517,-74.1038521,ROOFTOP,"20, Cra. 92 #82, Engativá, Bogotá, Colombia",OK
111001017795,COLEGIO MAGDALENA ORTEGA DE NARIÑO (IED),Engativá,KR 69 B # 78 A - 36,4.686640000154342,-74.08321999976589,4.6866873,-74.0831141,GEOMETRIC_CENTER,"Cra. 69b, Bogotá, Colombia",OK
111265000017,COLEGIO LA PALESTINA (IED),Engativá,KR 76 # 79 - 40,4.697180000416021,-74.09357000039732,4.7002556,-74.0939918,ROOFTOP,"Tv. 77 #81b-91, Engativá, Bogotá, Colombia",OK
111265000025,COLEGIO GENERAL SANTANDER (IED),Engativá,KR 123 # 65 A - 03,4.7165100004812865,-74.14044000009656,4.735003400000001,-74.02823219999999,ROOFTOP,"Cl. 159 #8 - 56, Bogotá, Colombia",OK
111001045225,COLEGIO TIBABUYES UNIVERSAL (IED),Suba,KR 128 A # 139 - 13,4.7462100001279515,-74.11047000044756,4.7461293,-74.1106097,ROOFTOP,"Cra. 128a #139-13, Bogotá, Colombia",OK
111001104264,COLEGIO GERARDO MOLINA RAMIREZ (IED),Suba,KR 143 # 142 A - 62,4.749059999743512,-74.11581999976715,4.7491905,-74.1157437,ROOFTOP,"Cra. 143 #142a-62, Suba, Bogotá, Colombia",OK
111769000174,COLEGIO FILARMONICO SIMON BOLIVAR (IED),Suba,KR 91 # 146 C - 63  --   / KRA 92 # 146 C - 38,4.741370000193734,-74.08416999961989,4.7414608,-74.08479299999999,ROOFTOP,"Cra. 92 #146 C-36, Suba, Bogotá, Colombia",OK
111769001871,COLEGIO NUEVA ZELANDIA (IED),Suba,CL 181 # 51 A - 31,4.759179999883727,-74.04964999981917,4.765594399999999,-74.0464477,ROOFTOP,"Cl. 187 #49-42, Bogotá, Colombia",OK
111769003424,COLEGIO GERARDO PAREDES (IED),Suba,KR 94 C # 129 A - 04,4.725879999713499,-74.09364999986495,4.7258071,-74.0935617,ROOFTOP,"Carrera 94C Nº129A - 04, Cra. 94c #129a-4, Suba, Bogotá, Colombia",OK
111001011088,COLEGIO REPUBLICA DE PANAMA (IED),Barrios Unidos,KR 57 A # 74 A - 32,4.67338000057872,-74.07690999964827,4.6731908,-74.0765855,ROOFTOP,"Cl. 75 #55a-29, Bogotá, Colombia",OK
111001026069,COLEGIO TECNICO MENORAH (IED),Los Mártires,KR 19 A # 1 C - 19,4.594119999788852,-74.09267999991947,4.5943379,-74.09255329999999,ROOFTOP,"Cra. 19a #1C-64, Antonio Nariño, Bogotá, Colombia",OK
111001011045,COLEGIO SILVERIA ESPINOSA DE RENDON (IED),Puente Aranda,KR 58 # 9 - 51,4.62990999988627,-74.11239000024703,4.6269464,-74.11701339999999,ROOFTOP,"Cl. 5b #60-29, Puente Aranda, Bogotá, Colombia",OK
111001011274,COLEGIO ANDRES BELLO (IED),Puente Aranda,CL 39 SUR # 51 D - 19,4.599350000144934,-74.13030999957317,4.5993869,-74.1304791,ROOFTOP,"Cl. 39 Sur #51d19, Bogotá, Colombia",OK
111001012530,COLEGIO EL JAZMIN (IED),Puente Aranda,CL 1 H # 40 D - 13,4.610129999743521,-74.11494000023335,4.6101807,-74.1148518,ROOFTOP,"Cl. 1h #40D-13, Bogotá, Colombia",OK
111001012556,COLEGIO ESPAÑA (IED),Puente Aranda,CL 18 # 35 - 25,4.621810000346187,-74.09302999972383,4.621817,-74.0930789,ROOFTOP,"Cl. 18 #35-25, Bogotá, Colombia",OK
111001014729,COLEGIO JOSE JOAQUIN CASAS (IED),Puente Aranda,KR 56 # 15 - 41,4.632059999771964,-74.10881000004079,4.632525,-74.108396,ROOFTOP,"Cra. 56 #1711, Bogotá, Colombia",OK
111001011029,COLEGIO REINO DE HOLANDA (IED),Rafael Uribe Uribe,TV 16 D # 46 - 35 SUR,4.566900000341791,-74.11578999962991,4.5685071,-74.1220031,ROOFTOP,"Dg. 46 Sur #13 i-15, Bogotá, Colombia",OK
111001014664,COLEGIO EL LIBERTADOR (IED),Rafael Uribe Uribe,CL 32 SUR # 24 B - 20,4.584300000463214,-74.11627000002895,4.5843039,-74.116235,ROOFTOP,"Cl. 33 Sur #24B – 20, Bogotá, Colombia",OK
111001015733,COLEGIO ANTONIO BARAYA (IED),Rafael Uribe Uribe,CL 27 SUR # 22 A - 02,4.58372000044116,-74.10925000025684,4.5799572,-74.1287873,ROOFTOP,"Cra. 25 #47Sur-02, Bogotá, Colombia",OK
111001036765,COLEGIO JOSE MARTI (IED),Rafael Uribe Uribe,DG 32 A SUR # 14 A - 97,4.573009999810564,-74.1100700004145,4.5724361,-74.1110143,ROOFTOP,"Dg. 32 Bis Sur #14-97, Bogotá, Colombia",OK
111001107794,COLEGIO MARIA CANO (IED),Rafael Uribe Uribe,TV 5 U # 48 J - 30 SUR  --  TV 5 Q # 48 H - 05 SUR,4.559260000422318,-74.11548000000852,4.5593407,-74.11526549999999,GEOMETRIC_CENTER,"Cdad. Bolívar, Bogotá, Colombia",OK
111001028266,COLEGIO CIUDAD DE MONTREAL (IED),Ciudad Bolívar,KR 17 B # 64 B - 45 SUR,4.553389999769269,-74.13813000030974,4.553423,-74.1382036,ROOFTOP,"Cra. 17b #64b Sur49, Bogotá, Colombia",OK
111001075663,COLEGIO ESTRELLA DEL SUR (IED),Ciudad Bolívar,CL 17 P # 72 P - 28 SUR  --  KR 17 P # 72 - 25 SUR,4.544900000417376,-74.14242000017049,4.5445373,-74.1450074,ROOFTOP,"Cra 18D Nº 73 - 50 Sur, Cdad. Bolívar, Bogotá, Colombia",OK
